-- MySQL dump 10.13  Distrib 8.0.34, for Win64 (x86_64)
--
-- Host: localhost    Database: sneakers
-- ------------------------------------------------------
-- Server version	8.0.35

/*!40101 SET @OLD_CHARACTER_SET_CLIENT=@@CHARACTER_SET_CLIENT */;
/*!40101 SET @OLD_CHARACTER_SET_RESULTS=@@CHARACTER_SET_RESULTS */;
/*!40101 SET @OLD_COLLATION_CONNECTION=@@COLLATION_CONNECTION */;
/*!50503 SET NAMES utf8 */;
/*!40103 SET @OLD_TIME_ZONE=@@TIME_ZONE */;
/*!40103 SET TIME_ZONE='+00:00' */;
/*!40014 SET @OLD_UNIQUE_CHECKS=@@UNIQUE_CHECKS, UNIQUE_CHECKS=0 */;
/*!40014 SET @OLD_FOREIGN_KEY_CHECKS=@@FOREIGN_KEY_CHECKS, FOREIGN_KEY_CHECKS=0 */;
/*!40101 SET @OLD_SQL_MODE=@@SQL_MODE, SQL_MODE='NO_AUTO_VALUE_ON_ZERO' */;
/*!40111 SET @OLD_SQL_NOTES=@@SQL_NOTES, SQL_NOTES=0 */;

--
-- Table structure for table `failed_jobs`
--

DROP TABLE IF EXISTS `failed_jobs`;
/*!40101 SET @saved_cs_client     = @@character_set_client */;
/*!50503 SET character_set_client = utf8mb4 */;
CREATE TABLE `failed_jobs` (
  `id` bigint unsigned NOT NULL AUTO_INCREMENT,
  `uuid` varchar(255) COLLATE utf8mb4_unicode_ci NOT NULL,
  `connection` text COLLATE utf8mb4_unicode_ci NOT NULL,
  `queue` text COLLATE utf8mb4_unicode_ci NOT NULL,
  `payload` longtext COLLATE utf8mb4_unicode_ci NOT NULL,
  `exception` longtext COLLATE utf8mb4_unicode_ci NOT NULL,
  `failed_at` timestamp NOT NULL DEFAULT CURRENT_TIMESTAMP,
  PRIMARY KEY (`id`),
  UNIQUE KEY `failed_jobs_uuid_unique` (`uuid`)
) ENGINE=InnoDB DEFAULT CHARSET=utf8mb4 COLLATE=utf8mb4_unicode_ci;
/*!40101 SET character_set_client = @saved_cs_client */;

--
-- Dumping data for table `failed_jobs`
--

LOCK TABLES `failed_jobs` WRITE;
/*!40000 ALTER TABLE `failed_jobs` DISABLE KEYS */;
/*!40000 ALTER TABLE `failed_jobs` ENABLE KEYS */;
UNLOCK TABLES;

--
-- Table structure for table `migrations`
--

DROP TABLE IF EXISTS `migrations`;
/*!40101 SET @saved_cs_client     = @@character_set_client */;
/*!50503 SET character_set_client = utf8mb4 */;
CREATE TABLE `migrations` (
  `id` int unsigned NOT NULL AUTO_INCREMENT,
  `migration` varchar(255) COLLATE utf8mb4_unicode_ci NOT NULL,
  `batch` int NOT NULL,
  PRIMARY KEY (`id`)
) ENGINE=InnoDB AUTO_INCREMENT=7 DEFAULT CHARSET=utf8mb4 COLLATE=utf8mb4_unicode_ci;
/*!40101 SET character_set_client = @saved_cs_client */;

--
-- Dumping data for table `migrations`
--

LOCK TABLES `migrations` WRITE;
/*!40000 ALTER TABLE `migrations` DISABLE KEYS */;
INSERT INTO `migrations` VALUES (1,'2014_10_12_000000_create_users_table',1),(2,'2014_10_12_100000_create_password_reset_tokens_table',1),(3,'2019_08_19_000000_create_failed_jobs_table',1),(4,'2019_12_14_000001_create_personal_access_tokens_table',1),(5,'2024_04_09_072555_create_products_table',1),(6,'2024_04_09_073415_create_reviews_table',1);
/*!40000 ALTER TABLE `migrations` ENABLE KEYS */;
UNLOCK TABLES;

--
-- Table structure for table `password_reset_tokens`
--

DROP TABLE IF EXISTS `password_reset_tokens`;
/*!40101 SET @saved_cs_client     = @@character_set_client */;
/*!50503 SET character_set_client = utf8mb4 */;
CREATE TABLE `password_reset_tokens` (
  `email` varchar(255) COLLATE utf8mb4_unicode_ci NOT NULL,
  `token` varchar(255) COLLATE utf8mb4_unicode_ci NOT NULL,
  `created_at` timestamp NULL DEFAULT NULL,
  PRIMARY KEY (`email`)
) ENGINE=InnoDB DEFAULT CHARSET=utf8mb4 COLLATE=utf8mb4_unicode_ci;
/*!40101 SET character_set_client = @saved_cs_client */;

--
-- Dumping data for table `password_reset_tokens`
--

LOCK TABLES `password_reset_tokens` WRITE;
/*!40000 ALTER TABLE `password_reset_tokens` DISABLE KEYS */;
/*!40000 ALTER TABLE `password_reset_tokens` ENABLE KEYS */;
UNLOCK TABLES;

--
-- Table structure for table `personal_access_tokens`
--

DROP TABLE IF EXISTS `personal_access_tokens`;
/*!40101 SET @saved_cs_client     = @@character_set_client */;
/*!50503 SET character_set_client = utf8mb4 */;
CREATE TABLE `personal_access_tokens` (
  `id` bigint unsigned NOT NULL AUTO_INCREMENT,
  `tokenable_type` varchar(255) COLLATE utf8mb4_unicode_ci NOT NULL,
  `tokenable_id` bigint unsigned NOT NULL,
  `name` varchar(255) COLLATE utf8mb4_unicode_ci NOT NULL,
  `token` varchar(64) COLLATE utf8mb4_unicode_ci NOT NULL,
  `abilities` text COLLATE utf8mb4_unicode_ci,
  `last_used_at` timestamp NULL DEFAULT NULL,
  `expires_at` timestamp NULL DEFAULT NULL,
  `created_at` timestamp NULL DEFAULT NULL,
  `updated_at` timestamp NULL DEFAULT NULL,
  PRIMARY KEY (`id`),
  UNIQUE KEY `personal_access_tokens_token_unique` (`token`),
  KEY `personal_access_tokens_tokenable_type_tokenable_id_index` (`tokenable_type`,`tokenable_id`)
) ENGINE=InnoDB DEFAULT CHARSET=utf8mb4 COLLATE=utf8mb4_unicode_ci;
/*!40101 SET character_set_client = @saved_cs_client */;

--
-- Dumping data for table `personal_access_tokens`
--

LOCK TABLES `personal_access_tokens` WRITE;
/*!40000 ALTER TABLE `personal_access_tokens` DISABLE KEYS */;
/*!40000 ALTER TABLE `personal_access_tokens` ENABLE KEYS */;
UNLOCK TABLES;

--
-- Table structure for table `products`
--

DROP TABLE IF EXISTS `products`;
/*!40101 SET @saved_cs_client     = @@character_set_client */;
/*!50503 SET character_set_client = utf8mb4 */;
CREATE TABLE `products` (
  `id` int unsigned NOT NULL AUTO_INCREMENT,
  `name` varchar(255) COLLATE utf8mb4_unicode_ci NOT NULL,
  `detail` text COLLATE utf8mb4_unicode_ci NOT NULL,
  `price` int NOT NULL,
  `stock` int NOT NULL,
  `discount` int NOT NULL,
  `created_at` timestamp NULL DEFAULT NULL,
  `updated_at` timestamp NULL DEFAULT NULL,
  PRIMARY KEY (`id`)
) ENGINE=InnoDB AUTO_INCREMENT=51 DEFAULT CHARSET=utf8mb4 COLLATE=utf8mb4_unicode_ci;
/*!40101 SET character_set_client = @saved_cs_client */;

--
-- Dumping data for table `products`
--

LOCK TABLES `products` WRITE;
/*!40000 ALTER TABLE `products` DISABLE KEYS */;
INSERT INTO `products` VALUES (1,'atque','Asperiores numquam ut error eum dolore suscipit velit. Et magnam hic et autem. Omnis est qui eum vel nam qui perspiciatis. Nisi distinctio neque corporis omnis nemo nostrum qui dolorem.',736,0,5,'2024-04-09 05:46:56','2024-04-09 05:46:56'),(2,'inventore','Incidunt sit sint ducimus autem corporis ipsam. Vel enim earum at ut perferendis. Excepturi culpa consequatur quos et nihil consequatur reprehenderit.',617,8,10,'2024-04-09 05:46:56','2024-04-09 05:46:56'),(3,'officiis','Ducimus consectetur velit voluptatem libero ut. Iste et id enim expedita quia. Unde velit itaque et qui unde.',847,1,28,'2024-04-09 05:46:56','2024-04-09 05:46:56'),(4,'excepturi','Beatae id vel in ut. Voluptates soluta consequuntur quia vel sed enim. Voluptas non consequatur nobis dolorem enim hic. Doloribus eveniet cum hic saepe corporis quo. Sapiente voluptatem commodi fuga enim accusamus earum optio.',633,3,27,'2024-04-09 05:46:56','2024-04-09 05:46:56'),(5,'sed','Omnis dolorem aut velit sit. Vero molestias perferendis eos et quia dolore id. Veritatis totam totam iure voluptas eius aliquam voluptatem. Et et nulla sed quis ipsa. Dignissimos provident vel voluptates et.',817,2,16,'2024-04-09 05:46:56','2024-04-09 05:46:56'),(6,'aut','Dicta quaerat sit qui soluta. Iste aperiam sit placeat assumenda. Quisquam harum illo quia culpa ipsum commodi distinctio. Dolorem vel dolor eos et et ut ut.',506,4,20,'2024-04-09 05:46:56','2024-04-09 05:46:56'),(7,'molestiae','Adipisci dolor beatae qui. Quibusdam reiciendis commodi inventore aut voluptas libero. Iure non esse consequatur molestiae ipsa aspernatur. Accusantium deserunt voluptatem laudantium qui.',642,5,3,'2024-04-09 05:46:56','2024-04-09 05:46:56'),(8,'dolor','Magnam quo et quis vitae quo atque exercitationem facilis. Est doloribus dolore officia saepe enim. Necessitatibus soluta quam similique sed iusto. Beatae enim amet ipsum similique dolores aut voluptates.',725,6,7,'2024-04-09 05:46:56','2024-04-09 05:46:56'),(9,'possimus','Nemo esse porro placeat aut. Ab quis est dolorem similique consequatur aliquid praesentium in. Ipsum voluptate doloribus optio maxime enim. Non laudantium placeat sint consequatur.',956,8,11,'2024-04-09 05:46:56','2024-04-09 05:46:56'),(10,'itaque','Et dicta iusto est doloremque quibusdam. Omnis sunt et assumenda veritatis adipisci ipsum. Et nobis nobis magnam facilis. Tempora doloremque numquam optio quia odio architecto quae.',289,6,26,'2024-04-09 05:46:56','2024-04-09 05:46:56'),(11,'ab','Molestiae doloribus dolore voluptas et a. Voluptates fugit sint unde minus consequatur reprehenderit aliquid aliquam. Soluta quibusdam et adipisci. Facere recusandae sit aut dolores quia sit dignissimos.',244,0,14,'2024-04-09 05:46:56','2024-04-09 05:46:56'),(12,'eos','Natus nihil praesentium aperiam qui id ab qui cupiditate. Minima a praesentium fugiat architecto minima. Fugiat quia dolorem et ratione dignissimos maxime exercitationem rerum.',813,3,15,'2024-04-09 05:46:56','2024-04-09 05:46:56'),(13,'commodi','Aperiam et fuga illum ipsa et. Aut dolor tempora quidem necessitatibus a culpa. Aut nemo doloribus architecto magnam consequuntur. Ea nihil aspernatur ut necessitatibus id.',589,0,19,'2024-04-09 05:46:56','2024-04-09 05:46:56'),(14,'nihil','Nemo est adipisci quo similique. Qui quaerat suscipit ab alias qui. Vel recusandae eos ut a.',501,0,13,'2024-04-09 05:46:56','2024-04-09 05:46:56'),(15,'officia','Qui cumque et molestiae magnam magnam natus magni. Nostrum est quisquam sit doloribus eum. Velit consequatur saepe qui ad doloribus dolores ut.',935,7,27,'2024-04-09 05:46:56','2024-04-09 05:46:56'),(16,'iusto','Libero magni nobis earum et. Recusandae et et aut rerum veniam tempore. Consequuntur dolorem iusto voluptatem dolorem non sapiente. Voluptas amet rerum vel minus quis. Pariatur omnis dicta dolor est dolorem sunt accusamus culpa.',520,2,13,'2024-04-09 05:46:56','2024-04-09 05:46:56'),(17,'placeat','Earum in explicabo porro maiores. Molestias debitis ex velit alias. Eius cumque magni dolor delectus. Adipisci labore explicabo porro voluptatem harum.',885,9,29,'2024-04-09 05:46:56','2024-04-09 05:46:56'),(18,'ut','Sed similique dolores nobis laborum. Quis maiores ipsa aspernatur blanditiis sequi veritatis. Quibusdam unde enim laudantium ex. Fugiat quis fugit id error eaque voluptas sapiente.',921,1,17,'2024-04-09 05:46:56','2024-04-09 05:46:56'),(19,'cumque','Quia ipsum hic soluta expedita. Amet voluptatem laudantium aut voluptatibus quo. Minus qui qui voluptatem incidunt aut laborum ex.',172,5,5,'2024-04-09 05:46:56','2024-04-09 05:46:56'),(20,'officiis','Dolores quidem et est est. At perferendis adipisci atque rerum aspernatur maxime et fuga. Quis esse error et eaque quia repellat eveniet. Voluptatem maiores quia nisi architecto.',134,4,15,'2024-04-09 05:46:56','2024-04-09 05:46:56'),(21,'assumenda','Ea nihil sit architecto porro sit dolor maxime. Ut amet maiores id corrupti sint veniam incidunt. Facilis vitae non doloremque voluptatem vitae reiciendis excepturi. Dolor iste soluta atque rerum sint laboriosam harum.',926,9,20,'2024-04-09 05:46:56','2024-04-09 05:46:56'),(22,'repellendus','Exercitationem recusandae vitae dolor consequatur error quibusdam et. Perspiciatis repudiandae quia necessitatibus saepe. Quia ea modi possimus recusandae nihil enim. Dolorum quos dolorem consectetur distinctio facere.',394,6,7,'2024-04-09 05:46:56','2024-04-09 05:46:56'),(23,'eaque','Aliquid aperiam placeat ducimus delectus totam est harum. Quod maiores est dolorem voluptas sit magni quisquam. Qui est et et explicabo consequatur.',986,4,20,'2024-04-09 05:46:56','2024-04-09 05:46:56'),(24,'earum','Voluptatem reprehenderit hic mollitia ut reiciendis. Voluptatum doloribus natus vero enim id. Voluptas eveniet quas aperiam. Repudiandae qui dolorum ut et a sed.',649,8,13,'2024-04-09 05:46:56','2024-04-09 05:46:56'),(25,'voluptatem','Sit autem est esse esse quia accusamus rerum. Consequuntur omnis velit vitae aut aut voluptatem. Ut voluptatem velit ut quod architecto molestiae.',359,5,10,'2024-04-09 05:46:56','2024-04-09 05:46:56'),(26,'enim','Sed officiis repudiandae quis vitae. Sapiente facilis aperiam a necessitatibus eum. Perspiciatis delectus inventore sint quia. Porro occaecati quod a dicta fugit. Ipsum necessitatibus quaerat sit dolores et.',390,7,26,'2024-04-09 05:46:56','2024-04-09 05:46:56'),(27,'rerum','Quia rerum rerum ducimus deserunt delectus natus. Rem est rerum consectetur ducimus a tenetur eum dolorem.',314,5,6,'2024-04-09 05:46:56','2024-04-09 05:46:56'),(28,'autem','Dolorum ea omnis quia perferendis repudiandae. Error perspiciatis id dolore ut et quia et. Quae voluptatem quam saepe repellat commodi cumque hic.',740,1,24,'2024-04-09 05:46:56','2024-04-09 05:46:56'),(29,'vel','Sit ut quam animi excepturi vero. Consequatur dolores error ut porro ullam. Dolores labore omnis illo architecto omnis.',299,5,2,'2024-04-09 05:46:56','2024-04-09 05:46:56'),(30,'occaecati','Dicta quia nihil sunt dignissimos fuga. Repellendus beatae neque est sunt dicta. Fuga labore et nemo porro ipsum tenetur corporis. Delectus quis quia pariatur.',125,5,4,'2024-04-09 05:46:56','2024-04-09 05:46:56'),(31,'rem','Et at dolor soluta dolores tempora. Sit explicabo voluptatem doloremque neque aspernatur at consequatur. Ad accusamus accusantium quod neque fugit consectetur. Aut id voluptatem perferendis itaque rerum aut consequatur.',185,3,28,'2024-04-09 05:46:56','2024-04-09 05:46:56'),(32,'corrupti','Dicta sit eos et ut delectus facilis. Dolorum fugit eius quo quibusdam perspiciatis beatae. Officiis sint quibusdam corporis. Rerum expedita est quia.',343,1,27,'2024-04-09 05:46:56','2024-04-09 05:46:56'),(33,'sint','Nobis ut sed ut magni sint. Cum provident at omnis dolorum et ipsa autem. Quae aut et suscipit optio mollitia rerum. Unde eos eius tempora voluptatum tempore odio maiores.',199,3,28,'2024-04-09 05:46:56','2024-04-09 05:46:56'),(34,'tenetur','Reiciendis amet deleniti consectetur error. Non officiis omnis nobis aliquid modi repudiandae commodi ut. Consectetur iure possimus libero fuga. Ab ratione natus sed accusamus inventore.',284,0,13,'2024-04-09 05:46:56','2024-04-09 05:46:56'),(35,'error','Earum ut inventore ratione dolorum. Omnis necessitatibus laboriosam mollitia molestiae nemo deserunt repellat. Harum aut molestias sit quae vitae suscipit. Sint voluptas tempore qui odit.',1000,3,20,'2024-04-09 05:46:56','2024-04-09 05:46:56'),(36,'velit','Maiores qui illum reiciendis quod minima cupiditate. Quasi voluptas eligendi qui.',509,1,4,'2024-04-09 05:46:56','2024-04-09 05:46:56'),(37,'ipsam','Ut aut minima et est dignissimos. Iste voluptas voluptas sapiente cupiditate nemo porro. Suscipit deleniti qui quod eum ipsa delectus.',551,6,5,'2024-04-09 05:46:56','2024-04-09 05:46:56'),(38,'quia','Consequatur dolor officia dolores. Sit perspiciatis veniam odio dolor culpa. Impedit rem aut dolorem assumenda laudantium.',944,2,28,'2024-04-09 05:46:56','2024-04-09 05:46:56'),(39,'in','Omnis sunt quo aut eum dolore soluta natus. Libero ducimus ut est ducimus facilis aperiam nihil corporis. Quia nihil earum voluptatum quibusdam saepe eos dolorum. Quas enim sint non alias qui voluptatem quia.',912,9,15,'2024-04-09 05:46:56','2024-04-09 05:46:56'),(40,'a','Nihil amet ex aut ut. Distinctio aut quos minus sint. Atque quis possimus blanditiis ad.',494,3,15,'2024-04-09 05:46:56','2024-04-09 05:46:56'),(41,'praesentium','Qui voluptatem totam eos voluptatibus debitis fugit. Rem consequatur veniam delectus vero sunt. Asperiores dignissimos velit atque inventore explicabo ipsum iste ea.',369,7,4,'2024-04-09 05:46:56','2024-04-09 05:46:56'),(42,'et','Dolores tempore reiciendis est itaque earum quia qui. Iusto consectetur delectus qui sit et eius. Reprehenderit dignissimos eaque voluptatem ab labore cupiditate.',370,4,19,'2024-04-09 05:46:56','2024-04-09 05:46:56'),(43,'qui','Ullam fuga dolor modi et perspiciatis qui. Qui quo eius sunt in mollitia natus ut hic. Id accusantium ut ut et. Deleniti quasi molestiae labore.',296,8,6,'2024-04-09 05:46:56','2024-04-09 05:46:56'),(44,'et','Qui ea in cupiditate voluptas sed veritatis suscipit. Enim at eum officiis. Nisi veritatis ea porro natus sed laborum tempore.',216,9,5,'2024-04-09 05:46:56','2024-04-09 05:46:56'),(45,'aperiam','Numquam earum adipisci adipisci quam ipsum. Numquam temporibus nihil laborum voluptas. At totam aliquam error id aut.',219,7,4,'2024-04-09 05:46:56','2024-04-09 05:46:56'),(46,'maiores','Aut molestiae iure ipsa ut. Architecto optio et explicabo et molestiae minima eum. Sed nemo eos consequatur est esse. Ut ut neque voluptas alias. Qui quia est at omnis vel rerum qui laboriosam.',982,3,30,'2024-04-09 05:46:56','2024-04-09 05:46:56'),(47,'ut','Aut officiis at rem qui sint reprehenderit eos. Modi qui sed repudiandae non consectetur. Ea nihil tempora fugit rerum neque sit.',190,2,15,'2024-04-09 05:46:56','2024-04-09 05:46:56'),(48,'quia','Non atque modi omnis reprehenderit. Eveniet quisquam expedita dolor voluptas est. Aperiam aliquid voluptates qui neque dolorem praesentium. Qui et rerum porro corporis nulla consequatur.',893,4,6,'2024-04-09 05:46:56','2024-04-09 05:46:56'),(49,'reprehenderit','Unde voluptatem perspiciatis autem quam esse modi culpa quis. Porro voluptates error eos voluptas vitae quia. Non ea et cupiditate.',199,4,27,'2024-04-09 05:46:56','2024-04-09 05:46:56'),(50,'maxime','Placeat perspiciatis aut ipsam inventore dolores beatae repudiandae. Recusandae voluptates voluptatem dolorem dolor ducimus.',436,5,27,'2024-04-09 05:46:56','2024-04-09 05:46:56');
/*!40000 ALTER TABLE `products` ENABLE KEYS */;
UNLOCK TABLES;

--
-- Table structure for table `reviews`
--

DROP TABLE IF EXISTS `reviews`;
/*!40101 SET @saved_cs_client     = @@character_set_client */;
/*!50503 SET character_set_client = utf8mb4 */;
CREATE TABLE `reviews` (
  `id` bigint unsigned NOT NULL AUTO_INCREMENT,
  `product_id` int unsigned NOT NULL,
  `customer` varchar(255) COLLATE utf8mb4_unicode_ci NOT NULL,
  `review` text COLLATE utf8mb4_unicode_ci NOT NULL,
  `star` int NOT NULL,
  `created_at` timestamp NULL DEFAULT NULL,
  `updated_at` timestamp NULL DEFAULT NULL,
  PRIMARY KEY (`id`),
  KEY `reviews_product_id_index` (`product_id`),
  CONSTRAINT `reviews_product_id_foreign` FOREIGN KEY (`product_id`) REFERENCES `products` (`id`) ON DELETE CASCADE
) ENGINE=InnoDB AUTO_INCREMENT=301 DEFAULT CHARSET=utf8mb4 COLLATE=utf8mb4_unicode_ci;
/*!40101 SET character_set_client = @saved_cs_client */;

--
-- Dumping data for table `reviews`
--

LOCK TABLES `reviews` WRITE;
/*!40000 ALTER TABLE `reviews` DISABLE KEYS */;
INSERT INTO `reviews` VALUES (1,30,'Prof. Lucie Crist','Nemo numquam cumque consequuntur aut aspernatur. Ratione et ullam facilis non quia nesciunt.',1,'2024-04-09 05:46:56','2024-04-09 05:46:56'),(2,19,'Dorcas Grant','Tempora omnis sit dolores et nulla officia laudantium. Quia officia cupiditate quod debitis qui excepturi. Et ullam consequatur nulla doloremque.',5,'2024-04-09 05:46:56','2024-04-09 05:46:56'),(3,40,'Kenneth Simonis','Dignissimos et illo iure vero inventore cum est. Ut reprehenderit voluptate voluptates voluptates et eaque. Id dolore quae ut officia id. Atque velit cum neque.',1,'2024-04-09 05:46:56','2024-04-09 05:46:56'),(4,25,'Miss Lori Leuschke II','Consequatur qui voluptatem deserunt tenetur quidem eos natus. Et ullam consequatur recusandae dolore qui cumque dignissimos mollitia. Vel commodi aliquid quasi non voluptas cupiditate dolores sunt. Corporis et tempore asperiores animi.',5,'2024-04-09 05:46:56','2024-04-09 05:46:56'),(5,15,'Monte Harber','Amet et vitae in ad ipsam porro at similique. Illo vel delectus quasi iusto illum hic unde praesentium. Quia quas fugiat expedita culpa. Est facere voluptatem et vero voluptate suscipit consequatur.',0,'2024-04-09 05:46:56','2024-04-09 05:46:56'),(6,42,'Prof. Josiane Kris','Molestias quo ducimus deleniti voluptatem corporis dicta accusamus. Nemo labore nulla quae adipisci et delectus esse. Veniam ut eos quaerat ex.',3,'2024-04-09 05:46:56','2024-04-09 05:46:56'),(7,20,'Casper Greenfelder','Aut earum voluptas enim possimus labore dicta possimus. Reprehenderit quia natus natus iure soluta. Veniam quas et et et molestiae molestiae. Quos facere nemo autem distinctio aut. Alias qui ipsum et eaque quis cumque.',1,'2024-04-09 05:46:56','2024-04-09 05:46:56'),(8,23,'Prof. Kaci Purdy','Aut eum corporis porro enim sed. Rerum esse impedit nihil dolore dolores qui. Quam explicabo omnis qui quo enim error ea.',4,'2024-04-09 05:46:56','2024-04-09 05:46:56'),(9,2,'Marina Sporer','Alias qui aut laboriosam omnis aut dolores. Ea ex voluptatem cupiditate similique dolorem et esse. Quos eveniet sapiente in excepturi repellat consequatur porro. Neque laudantium temporibus ut temporibus.',4,'2024-04-09 05:46:56','2024-04-09 05:46:56'),(10,40,'Gabrielle Anderson','Dicta commodi sed in excepturi qui culpa. Est quia consequatur qui debitis rem amet. Sit non ex odio repellat similique.',2,'2024-04-09 05:46:56','2024-04-09 05:46:56'),(11,46,'Dr. Osborne Emmerich II','Laborum harum odio quidem et sint. Illum qui id totam repudiandae nulla aut sed eligendi. Labore et aliquam vero inventore. Neque omnis reprehenderit totam eum explicabo perferendis et. Numquam aut ea est quasi nostrum.',5,'2024-04-09 05:46:56','2024-04-09 05:46:56'),(12,19,'Bret Fahey V','Sit vel aut cupiditate et iste aspernatur. Tempore porro id quisquam. Aut reiciendis enim ut quia voluptates dicta. Et praesentium voluptatem omnis odio officiis magnam cum.',3,'2024-04-09 05:46:56','2024-04-09 05:46:56'),(13,18,'Felicita Krajcik','Sint quia ad libero nostrum. Ut cum sint alias officiis hic quia. Vitae sed aliquid aut laboriosam libero quisquam. Laboriosam adipisci reiciendis tenetur quam possimus sunt.',0,'2024-04-09 05:46:56','2024-04-09 05:46:56'),(14,15,'Anissa Rau','Accusantium dolores laudantium doloremque nisi animi illo et voluptas. Illo ipsum ab magni neque assumenda sit. Dolor nihil ut velit nostrum aut optio. Delectus et quis non ut ab dolorem sint. Vel nesciunt sint aut aut voluptatem dolores sint.',2,'2024-04-09 05:46:56','2024-04-09 05:46:56'),(15,15,'Kris Goodwin','Dolores reiciendis modi perferendis ut ipsum libero. Quas sapiente sed autem nobis et ducimus quia. Eligendi iusto optio voluptatem ut facilis.',2,'2024-04-09 05:46:56','2024-04-09 05:46:56'),(16,12,'Maybelle Roberts PhD','Temporibus accusantium voluptatem fuga amet. Quis fuga sit ullam accusamus voluptatum vel. Excepturi vel nihil optio explicabo molestiae laborum beatae aut. Vero quos ut sapiente nemo sint.',1,'2024-04-09 05:46:56','2024-04-09 05:46:56'),(17,27,'Bart Ondricka','Modi tempora culpa voluptas recusandae odio. In officia blanditiis nesciunt. Aspernatur sint totam rem exercitationem at. Qui soluta quam a rem ducimus.',0,'2024-04-09 05:46:56','2024-04-09 05:46:56'),(18,29,'Tyrique Murray','Animi inventore placeat occaecati quisquam molestias ut. Dolorum hic tempora expedita. Laboriosam nostrum aut earum sunt iusto dolores fugiat consequatur.',2,'2024-04-09 05:46:56','2024-04-09 05:46:56'),(19,31,'Destany Paucek','Quia perspiciatis deleniti numquam velit hic voluptatem excepturi. Dolore sit voluptatibus cupiditate accusamus qui doloribus magnam vitae.',4,'2024-04-09 05:46:56','2024-04-09 05:46:56'),(20,28,'Ms. Andreanne Keebler','Maiores tempore temporibus rerum aut saepe omnis aliquid. A sit unde commodi exercitationem.',1,'2024-04-09 05:46:56','2024-04-09 05:46:56'),(21,28,'Isabell Emmerich','Officiis est ea voluptatem. Quasi facere aut et ut nihil aut accusantium. Perferendis veniam iste eum ad debitis architecto.',5,'2024-04-09 05:46:56','2024-04-09 05:46:56'),(22,39,'Esther Prohaska','Dicta dolorem inventore earum sed architecto. Voluptates sint enim ut eum ad aut. Exercitationem quia tempora delectus fugit atque tempore sit quis. Sint quibusdam corrupti in consequatur eos quod consequatur. Sunt fugiat quo accusantium non fugiat reiciendis.',4,'2024-04-09 05:46:56','2024-04-09 05:46:56'),(23,17,'Marlin Labadie','Eveniet molestias soluta excepturi quis repellat dolores quasi. Accusantium numquam incidunt id repellendus provident explicabo asperiores. Quo molestiae explicabo nulla ex cumque sint. Amet id dolor ipsum veritatis.',1,'2024-04-09 05:46:56','2024-04-09 05:46:56'),(24,17,'Tevin Franecki','Qui ut minima ab voluptate ut aut nemo. Aut pariatur et qui. Officia est reiciendis eos aut ut. Qui nobis explicabo sed error.',2,'2024-04-09 05:46:56','2024-04-09 05:46:56'),(25,1,'Nicholas Pouros','Voluptates laudantium id ad rerum ea praesentium. Eligendi iste quisquam quo. Quas unde sint asperiores vitae qui labore. Iusto sit voluptatibus sit beatae nesciunt ut dolores.',5,'2024-04-09 05:46:56','2024-04-09 05:46:56'),(26,26,'Adalberto Feeney PhD','Adipisci unde blanditiis magnam fugit aspernatur. Porro autem quidem sint qui vel dolorem laboriosam. Exercitationem repellat dolorem voluptatibus nulla. Quas et optio ducimus.',2,'2024-04-09 05:46:56','2024-04-09 05:46:56'),(27,42,'Caden Greenholt','Esse non accusantium sed nam magni. Aliquam ea nihil qui deserunt omnis. Suscipit quia reprehenderit blanditiis magnam ut impedit.',2,'2024-04-09 05:46:56','2024-04-09 05:46:56'),(28,30,'Prof. Thea Smith','Sed doloribus unde dolores omnis dolorum alias. Necessitatibus et enim laboriosam aliquam ad. Perspiciatis ea ut magnam molestias.',5,'2024-04-09 05:46:56','2024-04-09 05:46:56'),(29,50,'Mrs. Alia Kunde','Porro provident adipisci non laudantium sequi doloremque. Dolor quibusdam numquam quaerat molestiae esse. Eius consequatur laborum et sit dignissimos deserunt. Voluptatum deserunt quos pariatur enim laudantium expedita.',0,'2024-04-09 05:46:56','2024-04-09 05:46:56'),(30,37,'Willie Hill Jr.','Ut vero consequatur ut quibusdam dignissimos cum dolores. Rem accusamus non quidem dicta quibusdam voluptatum est. Est odio aut vel neque id recusandae dolor. Quia similique a minima.',5,'2024-04-09 05:46:56','2024-04-09 05:46:56'),(31,29,'Dr. Renee Kessler','Rem suscipit cupiditate voluptas consequatur accusamus quidem cupiditate. Est quis corporis provident aut cumque sit reiciendis. Et consequatur optio nisi.',3,'2024-04-09 05:46:56','2024-04-09 05:46:56'),(32,46,'Elwin Doyle','Aut voluptatem facilis ipsa repellendus architecto natus. Rerum sint nesciunt et eligendi. Non qui ut iure impedit in sit.',4,'2024-04-09 05:46:56','2024-04-09 05:46:56'),(33,23,'Mireya Metz Sr.','Pariatur excepturi pariatur sit quia quam cumque. Autem consequatur a iure aut repudiandae est. Pariatur et tenetur sit distinctio qui.',1,'2024-04-09 05:46:56','2024-04-09 05:46:56'),(34,16,'Dr. Treva Deckow Jr.','Quae labore molestiae sit corrupti natus maxime. Harum officiis molestiae aperiam. Ducimus et modi ea sit dolores.',0,'2024-04-09 05:46:56','2024-04-09 05:46:56'),(35,10,'Hardy Mills','Vitae voluptatem autem sed corrupti dignissimos. Officia inventore dolores provident repudiandae et. A dolor deleniti eos aut nemo consequatur placeat nesciunt. Incidunt voluptatem id magni in dolor eos.',5,'2024-04-09 05:46:56','2024-04-09 05:46:56'),(36,30,'Dejuan Gorczany','Sint quis ullam atque est velit quasi minima doloribus. Doloribus in sit minus. Reprehenderit animi aut corporis eligendi occaecati doloribus dolor ratione.',1,'2024-04-09 05:46:56','2024-04-09 05:46:56'),(37,24,'Estel McClure','Earum vitae quasi ducimus nisi. Modi voluptates aut molestias doloremque voluptas nihil. Maiores et sunt illo aut.',3,'2024-04-09 05:46:56','2024-04-09 05:46:56'),(38,48,'Emmanuelle Aufderhar','Placeat sit accusantium fugiat iusto architecto est voluptas quas. Aliquid ipsum impedit quam quas pariatur qui eaque. Quas ut maiores libero optio libero laudantium.',2,'2024-04-09 05:46:56','2024-04-09 05:46:56'),(39,42,'Eleonore Kunde IV','Minus assumenda consequatur voluptas ut et autem. Ipsa ex quasi possimus quo. Est sed ipsa dolorem aut autem sit.',4,'2024-04-09 05:46:56','2024-04-09 05:46:56'),(40,4,'Dr. Moises Robel','Deleniti iste facilis voluptatibus voluptatem. Dolorum quis optio aut ut et et ex voluptatibus. Hic et eos pariatur quo dignissimos. Ipsum eius aut praesentium ex.',5,'2024-04-09 05:46:56','2024-04-09 05:46:56'),(41,11,'Shaun Sanford','Omnis ipsa non qui ipsa eum. Nulla sit et id quia error in at. Aliquid similique officiis numquam iusto quos sunt et.',0,'2024-04-09 05:46:56','2024-04-09 05:46:56'),(42,10,'Kassandra Jacobi II','Id unde dolorem ex quia assumenda ratione dolor. Illum et voluptatem officia iusto sint. Nostrum qui sit sed facere vel ipsa voluptatum. Perspiciatis sint magni necessitatibus quasi vel voluptates.',2,'2024-04-09 05:46:56','2024-04-09 05:46:56'),(43,24,'Miss Melyssa Gottlieb','Sed blanditiis eum ipsum assumenda. Nobis vel esse est dolorem. In sed consectetur fuga quis assumenda excepturi odit. Aut quis quia et.',3,'2024-04-09 05:46:56','2024-04-09 05:46:56'),(44,12,'Roxane Huel','Voluptas minus quo qui eum quos ex voluptatem aut. Assumenda sint odio dignissimos enim.',4,'2024-04-09 05:46:56','2024-04-09 05:46:56'),(45,2,'Beulah Jacobson','Est architecto non in eaque quo. Nisi ut quia et iste. Molestiae nisi doloribus ut enim.',0,'2024-04-09 05:46:56','2024-04-09 05:46:56'),(46,39,'Scotty Murray','Dolorem totam dignissimos mollitia sunt. Omnis ratione est qui adipisci commodi vero voluptatem. Quod quod voluptas necessitatibus sequi eum.',4,'2024-04-09 05:46:56','2024-04-09 05:46:56'),(47,4,'Prof. Haleigh Reichel III','Sed amet iure alias totam tempore magnam quis. Aut vero quae consequatur ducimus. Quia animi sunt natus excepturi consequatur in dolore.',5,'2024-04-09 05:46:56','2024-04-09 05:46:56'),(48,48,'Erika Hayes','Earum quo sed dolorum doloribus eum. Laboriosam ea aut quis et. Fugiat omnis beatae laborum. Qui quis omnis qui aut voluptate.',4,'2024-04-09 05:46:56','2024-04-09 05:46:56'),(49,11,'Mrs. Gladys Zboncak','Qui et aspernatur veritatis et et. Odio aliquid et consectetur sit. Et quae qui earum quos nobis. Accusantium ratione vel qui officiis. Voluptate provident accusantium aut sunt fugit et.',0,'2024-04-09 05:46:56','2024-04-09 05:46:56'),(50,24,'Arely Trantow','Ratione incidunt ut eos. Molestiae et hic est beatae. Dolor eos consectetur qui sint fugiat id eaque.',3,'2024-04-09 05:46:56','2024-04-09 05:46:56'),(51,8,'Albina Bechtelar','Quam voluptatem temporibus qui eveniet dolores. Laborum accusantium quod minus eius cumque repellat non. Dolore et maxime sunt minus consequatur cumque doloribus.',2,'2024-04-09 05:46:56','2024-04-09 05:46:56'),(52,8,'Frederique Lang','Nulla deleniti sit veniam ipsum distinctio quo facilis. Nesciunt cumque dolores ducimus omnis. Qui ratione accusamus et ut. Magni dolor nulla voluptate aliquid reiciendis.',3,'2024-04-09 05:46:56','2024-04-09 05:46:56'),(53,42,'Brittany Gislason','At doloremque nihil porro aliquam provident. Molestias neque mollitia neque sit illo sunt. Dolorem ut cupiditate magnam temporibus suscipit. Praesentium ratione iure provident fugit ea.',2,'2024-04-09 05:46:56','2024-04-09 05:46:56'),(54,35,'Brenda Walker','Placeat qui praesentium eos id. At quis doloremque aut laboriosam eos est voluptatem. Quis aliquam sit deleniti asperiores qui quis eos. Nam ipsam accusantium expedita soluta et perspiciatis molestiae nihil.',4,'2024-04-09 05:46:56','2024-04-09 05:46:56'),(55,45,'Dallin Gleichner','Rerum sapiente eos dolorum tempore dolores libero voluptas. Minus animi quisquam corrupti accusamus. Autem veritatis doloribus iusto aperiam magnam reprehenderit saepe est.',5,'2024-04-09 05:46:56','2024-04-09 05:46:56'),(56,8,'Hailie Boyer','Sit et ut quia voluptatem est numquam qui labore. Placeat cum fugiat libero velit aut harum sequi. Corrupti est est voluptas molestiae magnam. Dolore sed delectus voluptatem aut ut et fugiat.',2,'2024-04-09 05:46:56','2024-04-09 05:46:56'),(57,29,'Dr. Yasmin Johnston V','Ratione illum cupiditate quae. Perspiciatis omnis consequatur dolor eveniet ut quo. Et temporibus aliquam impedit dolore aliquid.',0,'2024-04-09 05:46:56','2024-04-09 05:46:56'),(58,19,'Norris Hahn','Hic inventore nulla molestiae est. Et tempore aut voluptates ut autem et qui optio. Non cupiditate quia ut odit cumque. Fugiat totam autem optio voluptate qui ipsam perferendis.',0,'2024-04-09 05:46:56','2024-04-09 05:46:56'),(59,46,'Sandra Reinger','Qui laborum consequatur labore cum. Officiis ut dolorem occaecati quisquam impedit delectus impedit. Aspernatur error odit soluta dolorum neque autem ad. Placeat consequatur consequatur repellendus neque est.',0,'2024-04-09 05:46:56','2024-04-09 05:46:56'),(60,37,'Mathilde Weissnat','Tempore nihil blanditiis et. Temporibus et voluptatem quam repellendus impedit. Beatae nesciunt suscipit voluptate dolor. Eligendi et esse rerum ea dignissimos reprehenderit.',0,'2024-04-09 05:46:56','2024-04-09 05:46:56'),(61,4,'Dolores Ferry','Sed sunt odio quam expedita non velit. Necessitatibus est iure reiciendis similique eaque voluptatum aut. Aut est voluptatem nesciunt dolorum omnis impedit laudantium. Ut ut quia modi tenetur cum mollitia tenetur autem.',0,'2024-04-09 05:46:56','2024-04-09 05:46:56'),(62,6,'Prof. Jaylen Reichel IV','Ullam et nulla itaque dignissimos cupiditate. Iste et qui suscipit. Corrupti fugiat et dolores nihil. Eaque voluptatem illum consequuntur explicabo et delectus.',0,'2024-04-09 05:46:56','2024-04-09 05:46:56'),(63,8,'Jean Denesik','Voluptas sed similique maxime quasi. Et dolorem consequuntur aspernatur voluptas. Optio eos ut vel aperiam beatae. Qui ea harum soluta minima voluptatem nesciunt enim amet.',1,'2024-04-09 05:46:56','2024-04-09 05:46:56'),(64,35,'Dr. Shad Lebsack','Debitis temporibus vel vel corrupti. Veniam repellat quam iste numquam et ut. Aperiam eos maiores et ipsam.',4,'2024-04-09 05:46:56','2024-04-09 05:46:56'),(65,6,'Shaniya Rogahn','Suscipit quo possimus molestiae. Sed veritatis ipsum odit qui. Quia quia dignissimos rerum eos. Quod consequatur molestiae quia sed maiores voluptates beatae. Molestias sint sint nam repellat dolore laudantium.',3,'2024-04-09 05:46:56','2024-04-09 05:46:56'),(66,9,'Keely Moen','Asperiores explicabo officia velit adipisci delectus. Aut est perferendis et nihil voluptatem. Quis possimus omnis rerum dolor. Est omnis aut corporis aut possimus quam et est.',2,'2024-04-09 05:46:56','2024-04-09 05:46:56'),(67,9,'Mr. Jimmie Koch','Est veniam rerum dolorem et. Corporis quia harum qui qui consectetur autem iusto.',4,'2024-04-09 05:46:56','2024-04-09 05:46:56'),(68,23,'Elmer Conroy','Velit minus rerum tenetur. Corporis aspernatur nihil laudantium. Et deserunt repellendus deleniti ipsa. Ratione voluptatem aliquam voluptatibus recusandae. Recusandae dolore eius molestiae repellendus totam esse.',4,'2024-04-09 05:46:56','2024-04-09 05:46:56'),(69,25,'Harley Predovic','Ipsam pariatur necessitatibus sed nemo. Id voluptas perferendis ut quidem qui quidem. Sit et aut qui laudantium sunt consequatur veritatis.',5,'2024-04-09 05:46:56','2024-04-09 05:46:56'),(70,6,'Dr. Priscilla Jerde I','Aliquam praesentium maxime ut fugit aut placeat temporibus in. Non et sit numquam ex nisi pariatur doloribus repellendus. Minus sequi amet qui accusamus ab aut animi sit. Dolor natus sed deleniti aut qui ipsum.',0,'2024-04-09 05:46:56','2024-04-09 05:46:56'),(71,46,'Prof. Amos Lindgren I','Voluptatem est magni corporis molestiae. Tenetur aliquam odit rerum et perferendis reiciendis. Nobis ea laboriosam mollitia doloribus. Aut consequatur et veniam quam animi amet.',2,'2024-04-09 05:46:56','2024-04-09 05:46:56'),(72,28,'Evan Thompson','Est autem culpa rem voluptatibus. Dicta blanditiis dolor animi quam qui ullam. Voluptatibus porro porro molestias natus eaque omnis odio.',1,'2024-04-09 05:46:56','2024-04-09 05:46:56'),(73,30,'Madisyn Weber','Culpa consectetur vel ex iste asperiores voluptatibus dolorem. Eum praesentium maiores a sapiente consequatur. Quo odio quia amet accusantium odio.',4,'2024-04-09 05:46:56','2024-04-09 05:46:56'),(74,31,'Tyshawn Williamson','Saepe voluptas aut omnis blanditiis nemo laboriosam neque. Assumenda eveniet et nesciunt distinctio. Incidunt labore et rerum corporis praesentium voluptatem enim. Molestiae soluta veniam dolores natus nemo.',5,'2024-04-09 05:46:56','2024-04-09 05:46:56'),(75,12,'Kaycee Balistreri','Et praesentium voluptates tempore et accusamus est qui porro. Dignissimos magnam fugiat esse earum. Tempore sed quo dolor nihil earum cumque provident.',0,'2024-04-09 05:46:56','2024-04-09 05:46:56'),(76,40,'Mr. Donato Metz','Vero deleniti laudantium minus ipsa. Ipsum dolorem est repellendus soluta beatae error sunt eaque. Pariatur sit assumenda eaque odit recusandae voluptatibus autem. Ut suscipit quae earum.',0,'2024-04-09 05:46:56','2024-04-09 05:46:56'),(77,4,'Damian Kulas','Voluptatem aut aut ut adipisci earum. Voluptas facilis hic nostrum distinctio natus modi. Est consequatur ut iure velit unde. Nobis assumenda reiciendis incidunt dolore ipsum aut.',1,'2024-04-09 05:46:56','2024-04-09 05:46:56'),(78,6,'Prof. Coty Mann IV','Fuga voluptas nostrum aspernatur dolorem. Saepe modi mollitia minima sequi. Quo libero fuga cum maiores quam.',2,'2024-04-09 05:46:56','2024-04-09 05:46:56'),(79,50,'Julio Erdman','Vel quibusdam deleniti autem sed nulla qui. Consectetur quo iure hic sed in voluptatem. Quam adipisci dignissimos aut. Aut iste assumenda impedit voluptas similique.',1,'2024-04-09 05:46:56','2024-04-09 05:46:56'),(80,31,'Dr. Margaret Marvin','Itaque id consequatur ad voluptas saepe in. Quod fugiat qui alias nostrum labore saepe. Eligendi et harum qui in. Voluptate minus fuga quis iure.',3,'2024-04-09 05:46:56','2024-04-09 05:46:56'),(81,43,'Connor Weimann','Id officia nisi nihil nihil. Dolorem id et velit voluptatem autem est recusandae. Veniam impedit voluptas quisquam fugiat enim culpa suscipit. Aut architecto ipsa corporis.',2,'2024-04-09 05:46:56','2024-04-09 05:46:56'),(82,47,'Ashlynn Bernhard','Dolor mollitia et quo sit blanditiis. Ut quis in distinctio error possimus ea rerum. Voluptate aut dignissimos temporibus inventore.',0,'2024-04-09 05:46:56','2024-04-09 05:46:56'),(83,10,'Dayne Spinka','Dicta soluta consequatur dolor natus repellendus iure natus nostrum. Aut laborum earum cumque ut omnis vero. Consequatur aut animi distinctio.',5,'2024-04-09 05:46:56','2024-04-09 05:46:56'),(84,50,'Austin Bernhard','Ipsam vero facere repudiandae consequatur aut. Facilis repellat eum cumque nobis laudantium omnis velit sunt. Rerum excepturi dolor ratione voluptatem molestiae dicta porro accusantium. Est in eaque modi iure.',5,'2024-04-09 05:46:56','2024-04-09 05:46:56'),(85,35,'Mr. Brook Wisoky','Excepturi velit commodi vitae voluptas omnis. Ut dolore corporis et beatae eveniet quae. Quis atque perspiciatis voluptas accusamus veritatis est explicabo expedita.',3,'2024-04-09 05:46:56','2024-04-09 05:46:56'),(86,31,'Laverne Rogahn','Illum sint aut provident aliquam. Reiciendis illo asperiores repellendus minima maiores explicabo.',0,'2024-04-09 05:46:56','2024-04-09 05:46:56'),(87,32,'Kacie Metz','Velit optio qui eveniet maxime expedita similique dolor. Libero enim aliquam iusto. Repellendus sint commodi inventore cumque id.',0,'2024-04-09 05:46:56','2024-04-09 05:46:56'),(88,46,'Layne Olson','Sed sint nam vel laudantium in odio. Nihil non libero reprehenderit et dolorem. Nihil odio sunt libero fugiat temporibus. Saepe molestiae error vel laboriosam est consequuntur recusandae.',4,'2024-04-09 05:46:56','2024-04-09 05:46:56'),(89,27,'Prof. Nick Bins','Iusto delectus iure nobis quasi laboriosam culpa omnis ut. Quidem voluptatem tempora dolor qui.',0,'2024-04-09 05:46:56','2024-04-09 05:46:56'),(90,20,'Kacie Hoppe','Atque unde labore error officiis dicta quidem. Voluptatem eos ut cum accusamus.',5,'2024-04-09 05:46:56','2024-04-09 05:46:56'),(91,41,'Noemie Kassulke','Qui omnis voluptas explicabo velit occaecati. Accusantium ut molestiae nulla sunt assumenda quos. Suscipit rerum quia aut illum autem. Ipsum enim vel officia assumenda vel excepturi.',2,'2024-04-09 05:46:56','2024-04-09 05:46:56'),(92,30,'Manley Baumbach','Suscipit aut blanditiis quisquam consequatur. Blanditiis eligendi at qui molestiae dolorum. In et nulla quae consectetur. Est et deleniti provident voluptas.',4,'2024-04-09 05:46:56','2024-04-09 05:46:56'),(93,18,'Leonor Altenwerth','Quis error numquam qui quod. Est sequi tempore perferendis sint voluptas veniam eveniet. Incidunt temporibus eos qui molestias.',2,'2024-04-09 05:46:56','2024-04-09 05:46:56'),(94,46,'Herta Hegmann','Laboriosam ad accusantium et maiores minus est. Facilis aut mollitia non fugit sunt numquam. Non non quam voluptatibus esse.',3,'2024-04-09 05:46:56','2024-04-09 05:46:56'),(95,3,'Prof. Julius Waelchi','Est et rerum molestias aut eligendi assumenda dolor. Sequi consequatur quaerat natus et et. Fugiat pariatur laudantium odio sit cumque consequatur. Exercitationem dignissimos nesciunt expedita quam occaecati incidunt voluptates.',0,'2024-04-09 05:46:56','2024-04-09 05:46:56'),(96,40,'Nettie Gutkowski','Et sit vel rem eos aperiam. Iusto rem velit animi soluta autem ut aut. Eos omnis voluptas magnam alias quia. Voluptas sit possimus fugit aliquam.',0,'2024-04-09 05:46:56','2024-04-09 05:46:56'),(97,3,'Yvonne Grant','Quae reiciendis nihil et ut est repudiandae modi. Atque explicabo ducimus non voluptates voluptas fugit. Sit qui cupiditate iste nesciunt.',2,'2024-04-09 05:46:56','2024-04-09 05:46:56'),(98,5,'Kaleb Price','Culpa alias cupiditate deleniti ex aperiam est illum. Magnam quia qui laborum error facere adipisci. Ad non iusto ex aspernatur laudantium fuga velit nemo. Temporibus et labore est debitis dolore.',5,'2024-04-09 05:46:56','2024-04-09 05:46:56'),(99,26,'Madison Funk','Sequi rerum omnis modi velit laudantium pariatur neque. Non deleniti tempore dolor cupiditate. Doloribus perferendis ea in omnis. Aut laudantium amet ullam aut provident ut explicabo quae.',1,'2024-04-09 05:46:56','2024-04-09 05:46:56'),(100,48,'Katelyn Ankunding','Earum totam fuga rerum nihil laborum ea soluta. Illum placeat incidunt optio. Animi vitae aut ut ut voluptatem et molestiae.',1,'2024-04-09 05:46:56','2024-04-09 05:46:56'),(101,8,'Electa Kiehn','Animi error recusandae officia voluptas. Quia exercitationem eligendi qui. Quia modi est nobis.',5,'2024-04-09 05:46:56','2024-04-09 05:46:56'),(102,18,'Angela Rippin','Sed repellat consequatur quaerat sint nostrum reprehenderit inventore. Ipsum quibusdam reprehenderit libero iure rem ut. Quos facere tempora nihil consequatur veniam quisquam vitae.',1,'2024-04-09 05:46:56','2024-04-09 05:46:56'),(103,2,'Dr. Gordon Pfeffer V','Et quo omnis officiis quia maiores. Porro sunt voluptatem in dolor. Quos sunt quo a officiis tenetur et. Ipsum doloremque suscipit et veniam.',0,'2024-04-09 05:46:56','2024-04-09 05:46:56'),(104,13,'Dessie Haley','Asperiores rem necessitatibus incidunt rem odit ut. Voluptas voluptas quidem ut mollitia accusamus. Perspiciatis nihil quis illo accusantium laudantium.',0,'2024-04-09 05:46:56','2024-04-09 05:46:56'),(105,7,'Selena Weissnat','Enim aliquid rerum est quia esse. Aliquam distinctio qui ratione sit ad.',4,'2024-04-09 05:46:56','2024-04-09 05:46:56'),(106,50,'Dr. Hugh Marquardt DDS','Aut totam debitis ut suscipit nam culpa et. Iusto dolorem esse eveniet pariatur consequatur.',0,'2024-04-09 05:46:56','2024-04-09 05:46:56'),(107,42,'Miss Elena Sauer I','Non sed velit laudantium ullam nihil. Et vel aut corporis inventore laudantium. Libero quibusdam est officia rerum.',4,'2024-04-09 05:46:56','2024-04-09 05:46:56'),(108,39,'Dr. Donavon Anderson MD','Sit eos aut error consectetur. Et fuga dolorem ut natus reprehenderit aliquam perspiciatis. Aut eveniet aliquam autem ea. Et fuga sequi inventore debitis id blanditiis iusto. Tenetur ut sapiente exercitationem.',0,'2024-04-09 05:46:56','2024-04-09 05:46:56'),(109,22,'Nestor Weissnat DDS','Aliquid modi repellat est qui qui neque doloribus numquam. Quidem et soluta animi officia eos.',1,'2024-04-09 05:46:56','2024-04-09 05:46:56'),(110,23,'Harry Kovacek','Ut sed enim incidunt commodi ipsa voluptas. Ut laborum aliquam animi voluptatem et. Voluptates voluptas reiciendis qui corporis ea. Et dignissimos quasi magni suscipit voluptatibus nemo.',5,'2024-04-09 05:46:56','2024-04-09 05:46:56'),(111,49,'Miss Sasha Bergnaum V','Asperiores voluptatem ab quia quo. Sit omnis corrupti repudiandae quas. Ea recusandae sit omnis aut.',0,'2024-04-09 05:46:56','2024-04-09 05:46:56'),(112,15,'Charley Kunde','Nostrum fuga sed aut fugit rerum suscipit. Dolor nisi dolores sed voluptatem ut. Suscipit id illum temporibus animi aut est. Eum possimus impedit aut.',2,'2024-04-09 05:46:56','2024-04-09 05:46:56'),(113,8,'Carmine Harris','Sit aspernatur in fugit illum. Doloribus sit officiis debitis. Debitis magni vero ut aspernatur nihil in. Quo voluptate dicta quis vel aut molestiae.',4,'2024-04-09 05:46:56','2024-04-09 05:46:56'),(114,49,'Arnaldo Goyette','Ratione quis et voluptatem voluptatibus eum doloribus. Non id asperiores aut magni omnis est nobis. Reiciendis harum architecto iste nobis debitis. Quia pariatur eos voluptatem est earum tenetur.',4,'2024-04-09 05:46:56','2024-04-09 05:46:56'),(115,27,'Howard Hilpert','Voluptates nam ut rerum. Dolorum occaecati quis molestiae temporibus perspiciatis aut. Ut aliquid culpa magni aliquam ut ipsa laboriosam.',5,'2024-04-09 05:46:56','2024-04-09 05:46:56'),(116,10,'Prof. Breanne Jacobson','Nihil dicta dolor molestias iusto at. Laboriosam consequatur dolorem vel quas velit quis. Quo unde ea accusamus temporibus ducimus quia necessitatibus. Similique voluptatem doloribus excepturi et.',0,'2024-04-09 05:46:56','2024-04-09 05:46:56'),(117,4,'Ariel Veum','Sequi non sit rem qui explicabo. Laborum minima excepturi rerum recusandae dolores cumque repellat et. Sapiente magni ab et et illum veritatis. Sed qui voluptatem quia quia architecto voluptatem quo.',0,'2024-04-09 05:46:56','2024-04-09 05:46:56'),(118,43,'Dr. Wilhelmine Wisozk','Sapiente et doloremque veniam blanditiis optio. Suscipit sit consequatur vitae et. Et rerum incidunt ipsam nostrum autem.',4,'2024-04-09 05:46:56','2024-04-09 05:46:56'),(119,17,'Dr. Sebastian Greenfelder DVM','Id ipsum ipsa ut quibusdam et voluptatem nisi. Impedit tempora qui ut a ratione et ad. Et sequi numquam rerum veritatis veniam qui. Maiores quis distinctio totam quis officia.',1,'2024-04-09 05:46:56','2024-04-09 05:46:56'),(120,38,'Dr. Dillon Haag','Eveniet deleniti at ullam voluptas assumenda at distinctio. Odio vel odio a tempore quam. Officia rerum corrupti pariatur dignissimos eos.',0,'2024-04-09 05:46:56','2024-04-09 05:46:56'),(121,13,'Margie Ankunding','Voluptatem quia eaque ipsa ullam incidunt quia et. Perspiciatis dolores error cupiditate in cupiditate. Est sunt dolorem molestiae itaque autem. Rerum unde fuga cumque sint rerum sit distinctio assumenda.',1,'2024-04-09 05:46:56','2024-04-09 05:46:56'),(122,31,'Kasey Greenfelder','Ex eos ab ea nam qui dolorem. Eveniet voluptas tempore dolor iure cumque molestiae quo. Qui laboriosam eos iusto omnis tempore. Libero qui corrupti et praesentium sunt quia.',2,'2024-04-09 05:46:56','2024-04-09 05:46:56'),(123,28,'Ramona Schinner III','Recusandae repudiandae voluptatem culpa voluptas quia molestiae ipsam. Alias voluptas alias accusantium eum excepturi quod voluptates dolore. Nulla tempora ut dolore ipsam beatae et quia totam. Dolorum maiores itaque voluptate debitis ea eum.',2,'2024-04-09 05:46:56','2024-04-09 05:46:56'),(124,26,'Mrs. Martine Bartoletti Sr.','Quod dolor sit nam possimus voluptas delectus. Sapiente deleniti dignissimos amet et. Sed quasi repellat optio deleniti voluptas et dolores nihil. Debitis sequi voluptas eligendi ab id aut dolor. Sequi quia in et aut repudiandae aut odio.',1,'2024-04-09 05:46:56','2024-04-09 05:46:56'),(125,24,'Buddy Muller','Velit officiis expedita veritatis sed autem. Sint provident enim qui molestiae illum et mollitia totam. Facilis beatae veniam odit et mollitia. Dignissimos est provident earum delectus quis dolores.',3,'2024-04-09 05:46:56','2024-04-09 05:46:56'),(126,37,'Alexa Haley DVM','Fugit reprehenderit non earum non. Quae ea in quasi nemo quia odit dolores. Aut alias minus qui suscipit sed alias quo.',5,'2024-04-09 05:46:56','2024-04-09 05:46:56'),(127,38,'Amy Schimmel','Et reiciendis sit unde omnis ut accusamus officia vero. Voluptas iure iusto voluptas unde. Fugit velit magni architecto earum.',4,'2024-04-09 05:46:56','2024-04-09 05:46:56'),(128,24,'Edwina Douglas','Minima veritatis cum quam delectus repellendus. Magnam eligendi dolor pariatur. Aut illum ut et quia ipsa vel laboriosam.',2,'2024-04-09 05:46:56','2024-04-09 05:46:56'),(129,24,'Aniya Schiller','Et doloremque dicta minima quidem sed omnis quam. Facere unde sunt harum nobis cupiditate. Eligendi exercitationem qui adipisci eaque fuga est et. Ut nesciunt iusto et est laudantium deleniti sit perspiciatis.',1,'2024-04-09 05:46:56','2024-04-09 05:46:56'),(130,12,'Daryl Yundt','Est quo aperiam quos dolorum consequatur est. Dolorem molestias et tempore in vel. Sint voluptatem natus quisquam consequatur. Molestiae omnis assumenda dolor nesciunt accusamus.',5,'2024-04-09 05:46:56','2024-04-09 05:46:56'),(131,31,'Terrence Stracke','Occaecati adipisci maiores eos eaque quia molestiae accusantium qui. Qui accusamus id et minus accusantium qui rerum. Odit fugit ut sint architecto eius.',2,'2024-04-09 05:46:56','2024-04-09 05:46:56'),(132,6,'Dr. Christopher Pfeffer','Voluptate alias provident et perspiciatis sed sit. Totam aut voluptas quis voluptas asperiores. Vitae quia amet facilis et odit quis.',0,'2024-04-09 05:46:56','2024-04-09 05:46:56'),(133,33,'Zetta Jakubowski','Ut est eum repudiandae. Repellendus ea sequi minima magni.',4,'2024-04-09 05:46:56','2024-04-09 05:46:56'),(134,31,'Dr. Jaylan Stiedemann','Aut velit quas qui officiis unde aliquid aperiam vero. Ut unde delectus accusamus quidem earum fuga ut. Sunt repudiandae officia et numquam voluptatum perferendis. Non est explicabo corporis earum odio illum facere. Possimus distinctio nemo non itaque eos.',3,'2024-04-09 05:46:56','2024-04-09 05:46:56'),(135,47,'Prof. Lisette Hilpert PhD','Qui dolor quo qui dolorem ducimus. Ex velit a odit vel dicta fugit beatae. Suscipit officiis et et. Ratione minus sit animi rerum.',3,'2024-04-09 05:46:56','2024-04-09 05:46:56'),(136,25,'Ms. Dulce Wolff II','Ut at reprehenderit et aliquam alias aut dolores. Est quia eaque harum harum. Sapiente ipsum eum id eum. Cum sit omnis quo et aut aut.',2,'2024-04-09 05:46:56','2024-04-09 05:46:56'),(137,34,'Zita Harvey','Quia et quia repellat voluptatem minus quaerat consequatur molestias. Voluptas qui asperiores in. Debitis aspernatur vitae voluptatem.',1,'2024-04-09 05:46:56','2024-04-09 05:46:56'),(138,27,'Liliane Pouros I','Dolor error ut tempore odio aut distinctio. Vero ex adipisci optio fuga totam possimus. Blanditiis omnis nostrum magni aliquam et ut quos fuga. Consequuntur nemo iure vitae placeat dignissimos et.',2,'2024-04-09 05:46:56','2024-04-09 05:46:56'),(139,27,'Eusebio Marquardt','Et et et quas ab velit cum impedit. Nisi sint quaerat harum aut. Dolorum deleniti non laboriosam. Et et mollitia necessitatibus enim.',0,'2024-04-09 05:46:56','2024-04-09 05:46:56'),(140,33,'Mr. Javier Beer MD','Reprehenderit blanditiis eligendi non incidunt ad. Quia dolorum dolorem vitae inventore provident consequatur omnis. Ex eum itaque blanditiis omnis. Animi qui exercitationem sit voluptatem.',4,'2024-04-09 05:46:56','2024-04-09 05:46:56'),(141,42,'Meda Corkery DDS','Earum eveniet rem vel recusandae odio eligendi. Accusantium dolor et et recusandae est sint. Ab eos est voluptates et cumque.',3,'2024-04-09 05:46:56','2024-04-09 05:46:56'),(142,46,'Wendy Schaden','Iusto sapiente sint veniam nulla cum mollitia. A id est culpa quod ratione. Deserunt natus magnam impedit ut. Nulla iusto pariatur tempore voluptates.',2,'2024-04-09 05:46:56','2024-04-09 05:46:56'),(143,46,'Clyde White','Commodi assumenda sunt veritatis rerum nemo. Voluptatem rerum laboriosam repellendus atque saepe similique. Est voluptatem asperiores quia mollitia dolor et. Dolorem dignissimos et nihil eveniet. Ipsa consequatur harum voluptates.',2,'2024-04-09 05:46:56','2024-04-09 05:46:56'),(144,17,'Kennedy Runolfsson','Inventore nihil est occaecati facere sint. Officia porro quas praesentium nisi repellendus consectetur. Rem nobis voluptas recusandae architecto dolorem suscipit aut. Ducimus veniam aspernatur cupiditate id commodi.',5,'2024-04-09 05:46:56','2024-04-09 05:46:56'),(145,40,'Dr. Maude Frami MD','Vitae aut fuga delectus temporibus voluptates aut sit. Assumenda est voluptas maiores non ullam quaerat repudiandae. Molestiae quasi amet quo aut. Sed at dolores ea magni enim.',0,'2024-04-09 05:46:56','2024-04-09 05:46:56'),(146,21,'Kaylie Rowe','Sed iste sint aliquam minus. Omnis quo porro qui. Blanditiis ullam et aliquam aut exercitationem et quis quidem.',2,'2024-04-09 05:46:56','2024-04-09 05:46:56'),(147,6,'Elwin Wiza','Nobis molestiae natus adipisci omnis sequi ab dolor excepturi. Quibusdam praesentium aut ratione qui in.',3,'2024-04-09 05:46:56','2024-04-09 05:46:56'),(148,13,'Alva Wyman','Id doloremque et sint velit error aspernatur. At qui dolorem eligendi voluptate. Odit et et eius quia dignissimos illum. Ut qui quo odio consequatur omnis expedita nulla similique.',1,'2024-04-09 05:46:56','2024-04-09 05:46:56'),(149,27,'Arielle Buckridge','Ab autem earum est facilis itaque et et voluptas. Blanditiis fuga dolorem ab. Voluptatem cupiditate nesciunt quia unde.',5,'2024-04-09 05:46:56','2024-04-09 05:46:56'),(150,2,'Wilhelm Crist','Sint iusto vero laborum. Doloribus quis sit animi dolorem voluptatem repellendus debitis. Quaerat accusamus blanditiis qui commodi non error. Velit eaque ullam iure similique amet non iusto.',0,'2024-04-09 05:46:56','2024-04-09 05:46:56'),(151,49,'Daryl Farrell','Sed occaecati labore reiciendis architecto. Odit mollitia itaque et quos neque non vel. Ullam omnis tenetur quis asperiores consequatur inventore. Quo quisquam et suscipit ea.',2,'2024-04-09 05:46:56','2024-04-09 05:46:56'),(152,22,'Murray Flatley','Consequuntur eum et delectus ex quam. Eaque voluptatibus et vel saepe necessitatibus dolores. Hic accusamus fuga praesentium illo minus.',4,'2024-04-09 05:46:56','2024-04-09 05:46:56'),(153,17,'Santiago Conn','Possimus commodi dolores voluptatibus. Optio necessitatibus voluptates officia quos at. Maxime quia ratione et vero laborum autem.',3,'2024-04-09 05:46:56','2024-04-09 05:46:56'),(154,46,'Tremayne Rath','Voluptates molestiae a fuga. Molestiae a autem veritatis esse. Facilis omnis ratione ut sed. Odio incidunt eius optio quasi. Quibusdam sapiente placeat ut corrupti quia tenetur.',0,'2024-04-09 05:46:56','2024-04-09 05:46:56'),(155,49,'Prof. Antwon Stroman','Dicta sunt rerum veritatis nihil maxime provident. Ut at animi dolore numquam. Velit quis quam dolore nulla animi. Quos unde omnis libero sapiente illum.',2,'2024-04-09 05:46:56','2024-04-09 05:46:56'),(156,30,'Ms. Amalia Schuppe','Exercitationem beatae quaerat unde rerum non illum iure quis. Eaque nemo quo modi id et. Ut et laboriosam beatae voluptas. Temporibus aperiam quod et dolores sed quia.',4,'2024-04-09 05:46:56','2024-04-09 05:46:56'),(157,48,'Dominic Ziemann Sr.','Ut sed est assumenda voluptates odit harum et aspernatur. Dolorem expedita ut magni perferendis quam ipsa laborum. Ut excepturi debitis quae et. Et recusandae nostrum illo odio cupiditate cumque.',3,'2024-04-09 05:46:56','2024-04-09 05:46:56'),(158,7,'Elva Lehner','Veniam aut et in excepturi eos temporibus. Nisi in commodi aliquam eos sequi reiciendis consequuntur culpa. Dolor quis assumenda cumque iste corporis et harum. Vel tenetur ad non.',5,'2024-04-09 05:46:56','2024-04-09 05:46:56'),(159,24,'Marquise Ledner','Voluptates asperiores consequatur voluptatibus dolores itaque rerum. Ut necessitatibus soluta accusantium quasi. Eum dolorem excepturi ducimus voluptates nam.',5,'2024-04-09 05:46:56','2024-04-09 05:46:56'),(160,43,'Lurline Yundt Jr.','Et tempora nam non adipisci. Quia assumenda consequuntur est itaque quo repellat. Necessitatibus sit dolor ut modi nihil laboriosam. Sapiente autem necessitatibus iure.',1,'2024-04-09 05:46:56','2024-04-09 05:46:56'),(161,41,'Mrs. Mariah Erdman','Et deserunt possimus odit. Consequuntur magnam fugit sit fuga. Ducimus eos a adipisci.',5,'2024-04-09 05:46:56','2024-04-09 05:46:56'),(162,23,'Emory White','Sit quidem qui similique ut reiciendis vitae officiis. Qui dolorum exercitationem voluptates aut. Maxime sint molestiae velit est aut.',4,'2024-04-09 05:46:56','2024-04-09 05:46:56'),(163,46,'Ruby Cole IV','Asperiores natus iusto voluptates optio eum. Natus debitis et rerum voluptas voluptates. Non molestiae possimus laboriosam omnis incidunt accusantium nihil fugit.',3,'2024-04-09 05:46:56','2024-04-09 05:46:56'),(164,23,'Miss Roma Veum IV','Nostrum repellat veniam dolorem velit eum praesentium. Est debitis eum voluptatibus. Exercitationem quisquam optio accusamus laborum quia voluptas.',0,'2024-04-09 05:46:56','2024-04-09 05:46:56'),(165,9,'Ursula O\'Keefe','Aspernatur consequuntur eveniet provident odio aut. Minima quibusdam est sapiente eligendi sit. Ut error nihil est exercitationem fugiat adipisci in.',3,'2024-04-09 05:46:56','2024-04-09 05:46:56'),(166,43,'Vada McLaughlin Jr.','Molestiae voluptatem et autem eum qui aliquid quis. Enim tenetur maxime natus qui ratione voluptates. Non sit sed rerum labore nemo. Est veritatis nihil qui in quod similique. Ea nesciunt autem ut expedita.',2,'2024-04-09 05:46:56','2024-04-09 05:46:56'),(167,24,'Lane Halvorson','Sequi libero et cumque hic recusandae pariatur. Ea ratione quia laudantium aut. Ipsa pariatur odit enim fugiat.',3,'2024-04-09 05:46:56','2024-04-09 05:46:56'),(168,22,'Cleora Rempel','Consequatur inventore odit ipsa debitis ducimus. Qui ab non exercitationem atque rerum. Non accusantium qui consequatur dolorem ut numquam amet.',0,'2024-04-09 05:46:56','2024-04-09 05:46:56'),(169,21,'Lynn Effertz','Neque ut aperiam porro. Et culpa neque veniam ea tempora ut.',1,'2024-04-09 05:46:56','2024-04-09 05:46:56'),(170,50,'Hassan Purdy','Deleniti architecto ad ut porro repudiandae quia. Et quia tenetur unde nam soluta. Qui qui ducimus cupiditate voluptates quas.',3,'2024-04-09 05:46:56','2024-04-09 05:46:56'),(171,17,'Zane Abshire','Repudiandae hic aspernatur architecto reprehenderit id quis. Dolor quis perspiciatis ullam tempore inventore.',2,'2024-04-09 05:46:56','2024-04-09 05:46:56'),(172,47,'Dax Boyer','Eveniet velit quam qui sed. Facilis molestiae id quis vero temporibus qui aut. Excepturi deserunt aliquam fugiat.',2,'2024-04-09 05:46:56','2024-04-09 05:46:56'),(173,11,'Kelley Dibbert','Ut eveniet explicabo ea sunt eligendi. Quia corporis commodi quisquam amet vel velit blanditiis. Error in laborum repellendus itaque facilis facere. Ut omnis voluptatem impedit vel dolor aspernatur excepturi expedita.',2,'2024-04-09 05:46:56','2024-04-09 05:46:56'),(174,37,'Jordon Moore','Sit ullam consequatur saepe minima deleniti quibusdam assumenda. Ut quis aut voluptas quae sint eaque dolorem. Et sint assumenda error voluptas voluptatibus aut.',2,'2024-04-09 05:46:56','2024-04-09 05:46:56'),(175,10,'Emiliano Franecki','Distinctio voluptatem non nostrum velit quae ut illo itaque. Et dicta ea magnam assumenda illum. Rerum beatae repellendus autem commodi provident.',2,'2024-04-09 05:46:56','2024-04-09 05:46:56'),(176,28,'Prof. Salvador Rowe II','Quia deleniti saepe doloremque expedita ut adipisci doloribus. Et quas perspiciatis quibusdam tempora. Rerum nulla dolores consequatur aut eum. Libero sint explicabo qui culpa est voluptatum et.',2,'2024-04-09 05:46:56','2024-04-09 05:46:56'),(177,22,'Hugh Padberg','Dolor aut accusantium molestiae sint eos blanditiis non. Voluptatem dolor odit reprehenderit vero neque est omnis. Inventore inventore distinctio unde labore architecto. Quisquam at quod qui est optio reprehenderit.',3,'2024-04-09 05:46:56','2024-04-09 05:46:56'),(178,14,'Dr. Creola Bosco I','Et unde sint mollitia ad. Fugit aut et similique qui. Excepturi sint id occaecati sint reiciendis nobis qui. Alias voluptatem provident enim est ipsam.',5,'2024-04-09 05:46:56','2024-04-09 05:46:56'),(179,3,'Ms. Theresia Kshlerin','Quidem dolor facere sunt aut aut aspernatur aut similique. Alias sunt blanditiis facilis. Nulla commodi veniam fuga eius.',1,'2024-04-09 05:46:56','2024-04-09 05:46:56'),(180,34,'Adela Welch','Omnis perspiciatis at illo. Illum quam voluptatem blanditiis quibusdam. Eligendi mollitia aut iure aperiam. Voluptate asperiores consectetur distinctio aspernatur. Est quos et expedita ut sed.',2,'2024-04-09 05:46:56','2024-04-09 05:46:56'),(181,40,'Elisha Lubowitz','Et perferendis omnis cupiditate soluta voluptas. Perferendis odit sunt eius sed et qui. Recusandae consequatur vero ipsa aliquid aperiam. Natus cum vitae est et non.',4,'2024-04-09 05:46:56','2024-04-09 05:46:56'),(182,34,'Lucienne Cummings DVM','Dolores aut nemo fugit nisi debitis est. Ex architecto deleniti atque voluptatum et nihil. Omnis quia velit dicta sit dolorem provident. Quae qui aut expedita eveniet quibusdam magni labore.',2,'2024-04-09 05:46:56','2024-04-09 05:46:56'),(183,19,'Prof. Zora Hoeger','Et blanditiis iste quia ea et qui. Saepe in dolore tenetur maxime aspernatur ipsam a. Quibusdam temporibus quia qui quod natus iusto tenetur. Hic autem adipisci nihil enim. Natus ut porro quia sint magnam quasi deleniti eum.',1,'2024-04-09 05:46:56','2024-04-09 05:46:56'),(184,6,'Stanton Murray MD','Qui nihil hic aliquam. Qui a et doloremque accusantium. Doloribus placeat qui rerum est blanditiis sed similique blanditiis. Officiis tenetur voluptatem laborum quis rerum quia numquam.',0,'2024-04-09 05:46:56','2024-04-09 05:46:56'),(185,15,'Madelyn Hegmann','Perspiciatis facere amet laudantium eum excepturi rerum. Porro ut facilis similique non dolorum. Iure illo nemo reiciendis quam. Enim est qui qui et nihil dolore veniam. Tempore sint labore maxime consequuntur omnis et esse.',3,'2024-04-09 05:46:56','2024-04-09 05:46:56'),(186,29,'Ms. Augusta Hauck IV','Iste et voluptatem aut perspiciatis. Vel deleniti aut sint commodi accusamus a. Similique facilis voluptatem quibusdam nam illo et sint.',4,'2024-04-09 05:46:56','2024-04-09 05:46:56'),(187,37,'Mrs. Tressie Okuneva','Dolores fuga in voluptatem impedit dolor nemo. Repudiandae molestiae quidem ipsum nisi doloremque. Tenetur quibusdam praesentium velit quo.',4,'2024-04-09 05:46:56','2024-04-09 05:46:56'),(188,43,'Jody Gulgowski','Quis voluptas dolorem eos laudantium dolor. Eum magni minima mollitia est. Enim minus accusamus soluta dolore molestias.',3,'2024-04-09 05:46:56','2024-04-09 05:46:56'),(189,39,'Kristina Ernser','Blanditiis officiis voluptas amet. Culpa id rerum aut aut in et expedita. Ut sunt in magnam aut adipisci quas suscipit.',4,'2024-04-09 05:46:56','2024-04-09 05:46:56'),(190,45,'Ms. Pearlie Douglas','Est quod nam aperiam qui omnis. Natus iure debitis rerum ut.',1,'2024-04-09 05:46:56','2024-04-09 05:46:56'),(191,15,'Elinore Flatley','Animi ex qui laboriosam ad optio. Omnis quis officia est magnam consequatur. Odio sunt quam quo nemo magni culpa. Necessitatibus itaque laborum expedita quis ut facilis inventore.',5,'2024-04-09 05:46:56','2024-04-09 05:46:56'),(192,6,'Florence Greenfelder','Architecto eos dolorem et dignissimos. Est totam tenetur eveniet molestias sunt blanditiis. Rerum dolor temporibus unde eos. Ab deleniti est quibusdam eveniet sit itaque.',4,'2024-04-09 05:46:56','2024-04-09 05:46:56'),(193,32,'Anthony Lang','Exercitationem maxime quasi veniam corporis ipsam dolores nobis. Expedita reprehenderit dolorem voluptatem architecto explicabo. Ipsam esse facilis ab voluptatem. Voluptatum nihil cum eligendi earum et.',2,'2024-04-09 05:46:56','2024-04-09 05:46:56'),(194,42,'Ethelyn Bruen','Id rerum distinctio nam non. Maiores et temporibus inventore sit reprehenderit. Vitae est est quo ut labore sint libero. Corrupti praesentium et facere dicta aut.',3,'2024-04-09 05:46:56','2024-04-09 05:46:56'),(195,16,'Faustino Moen','Exercitationem in molestias porro officiis mollitia officia atque. Expedita quia officia velit ducimus nihil. Corrupti rem suscipit reiciendis sit. Aut architecto odit sint error nihil dolorum reprehenderit.',0,'2024-04-09 05:46:56','2024-04-09 05:46:56'),(196,11,'Dr. Minerva Prohaska','Est sed optio exercitationem. Velit nobis ad aspernatur aut animi. Ratione tempore qui molestiae ex velit repellendus.',5,'2024-04-09 05:46:56','2024-04-09 05:46:56'),(197,24,'Stanford Dibbert','Maiores impedit aut sunt iusto eius. Ad tenetur atque et et aliquam est. Est velit aut id magni laudantium.',4,'2024-04-09 05:46:56','2024-04-09 05:46:56'),(198,14,'Patrick Jerde','Necessitatibus eius voluptate labore ipsa aut harum eius ut. Vel et aut repellat. Nam aliquam aspernatur inventore ut veniam voluptas aspernatur reiciendis.',3,'2024-04-09 05:46:56','2024-04-09 05:46:56'),(199,47,'Alfonso Grady','Esse aspernatur cupiditate ut consequatur est omnis error. Atque et molestiae eos placeat ratione magni ut rerum. Qui corrupti debitis delectus esse voluptatem. Omnis est fugit hic ea sed. Eius porro temporibus sunt et quia nesciunt.',4,'2024-04-09 05:46:56','2024-04-09 05:46:56'),(200,19,'Eldred Marvin','Nesciunt maiores ipsum corrupti. Debitis quia omnis aperiam eum voluptatibus. Harum et dolore vitae voluptates accusamus inventore.',5,'2024-04-09 05:46:56','2024-04-09 05:46:56'),(201,17,'Emiliano Fay','Quo asperiores voluptatibus reprehenderit officia esse sit. Voluptatem labore qui eos impedit. Odit soluta doloribus omnis. Eum qui sit quae ratione.',0,'2024-04-09 05:46:56','2024-04-09 05:46:56'),(202,24,'Mr. Leonardo Koelpin MD','Ullam animi recusandae ipsam adipisci. Modi id quia voluptatum veritatis rem sequi et. Ea aut incidunt consequatur. Est quibusdam non aliquid molestias rerum in.',5,'2024-04-09 05:46:56','2024-04-09 05:46:56'),(203,18,'Mrs. Retta Murazik V','Reprehenderit est quam eaque neque expedita et enim non. Quibusdam aut error inventore eligendi natus rerum placeat. Exercitationem impedit officia dolor odio.',1,'2024-04-09 05:46:56','2024-04-09 05:46:56'),(204,26,'Prof. Axel Miller','Totam possimus nemo dolor magni iste. Vel ut quos iusto aut sunt. Quibusdam doloribus sed voluptatem ipsam et ea. Eos cum quas nisi et fugiat quam quod.',4,'2024-04-09 05:46:56','2024-04-09 05:46:56'),(205,1,'Jamil Bins','Distinctio aperiam omnis nobis ratione id et reprehenderit. Quis laborum ab tempora autem expedita vero voluptatum. Dolor eveniet consequuntur sunt ab dicta distinctio. Quo possimus soluta repellendus culpa.',4,'2024-04-09 05:46:56','2024-04-09 05:46:56'),(206,13,'Erin Harber','Eaque animi sit sunt et natus temporibus. Est ut esse et et ipsam enim ipsum. A at velit quis atque quo dicta.',4,'2024-04-09 05:46:56','2024-04-09 05:46:56'),(207,8,'Dr. Afton Dare','Atque et sunt facilis esse omnis. Fugit dolores qui sed. Atque beatae ullam earum rerum. Dolores iure labore velit vero. Est asperiores aut qui eos nisi ut.',5,'2024-04-09 05:46:56','2024-04-09 05:46:56'),(208,2,'Cielo Corkery','Voluptatem id id cumque vero sed maiores libero. Quaerat rem dolores maiores ad. Praesentium officia nam et quo voluptatem officiis.',0,'2024-04-09 05:46:56','2024-04-09 05:46:56'),(209,43,'Dr. Brice Pollich','Dolorum autem quidem laboriosam. Quo est deleniti iusto.',2,'2024-04-09 05:46:56','2024-04-09 05:46:56'),(210,28,'Hiram Torp','Quas vero est non molestiae. Repudiandae quidem est dolor quis et. Harum ea sed temporibus rerum quasi et doloremque. Eius velit minima saepe. Ducimus repellendus quia debitis est velit tenetur.',4,'2024-04-09 05:46:56','2024-04-09 05:46:56'),(211,17,'Rosalyn Morar','Consequatur et quibusdam ut consequuntur. Eaque reiciendis qui facilis hic. Beatae in ipsam ab. Velit est fugiat perspiciatis perferendis nam voluptatem vero ipsa.',2,'2024-04-09 05:46:56','2024-04-09 05:46:56'),(212,18,'Misty Becker PhD','Tenetur laborum modi deleniti quia nam impedit. Repellendus et quidem veniam soluta adipisci. Doloribus dolore fuga corrupti earum non facere nobis.',2,'2024-04-09 05:46:57','2024-04-09 05:46:57'),(213,37,'Prof. Vinnie Kassulke V','Facere perspiciatis ut suscipit. Officiis est dolor eligendi dicta sed qui ut. Et eveniet tenetur nam in.',3,'2024-04-09 05:46:57','2024-04-09 05:46:57'),(214,29,'Kendall Skiles','Voluptatibus ut excepturi maxime. Quo laboriosam nobis reiciendis neque. Odio velit sit omnis voluptatem dolor quas.',3,'2024-04-09 05:46:57','2024-04-09 05:46:57'),(215,14,'Miss Shirley Gibson','Odit praesentium quos odit officia dolore cum. Adipisci deserunt sunt et atque aut velit. A et sit est iusto repellendus.',0,'2024-04-09 05:46:57','2024-04-09 05:46:57'),(216,15,'Tiana Raynor','Voluptatem eius excepturi expedita enim molestias. Doloremque temporibus soluta earum velit qui dolor aut sed. Totam autem quis excepturi ut voluptatem dolores et.',5,'2024-04-09 05:46:57','2024-04-09 05:46:57'),(217,46,'Dr. Carey Hermann','Et omnis reiciendis et quos qui voluptatem. Assumenda architecto autem corrupti consequatur in harum. Iusto necessitatibus aperiam eos iste laudantium excepturi iure. A vitae quibusdam voluptas eius minus commodi in.',5,'2024-04-09 05:46:57','2024-04-09 05:46:57'),(218,27,'Angela Dicki','Natus voluptatem amet omnis sunt et. Sint temporibus adipisci similique suscipit dolor placeat quis. Neque porro ratione eos ullam.',3,'2024-04-09 05:46:57','2024-04-09 05:46:57'),(219,23,'Vanessa Windler','Dolores ratione impedit consequatur cupiditate illo. Ea atque id libero quae. Quia repellendus iusto dolores maxime. Voluptatem esse corporis aut in et corporis. Quia sed sit consequatur sunt amet nihil omnis alias.',3,'2024-04-09 05:46:57','2024-04-09 05:46:57'),(220,2,'Ali Powlowski','Libero qui deserunt id repellendus. Inventore maxime quo modi in voluptatem. Praesentium ullam explicabo et laborum ut distinctio.',2,'2024-04-09 05:46:57','2024-04-09 05:46:57'),(221,35,'Rosalinda Grimes','Saepe dolores et qui consequatur non ad accusantium. Inventore facere est ab sint omnis animi libero. Culpa saepe ipsam blanditiis dolor dignissimos quasi id. Neque in voluptatum porro aspernatur veritatis cupiditate fugiat ipsum.',0,'2024-04-09 05:46:57','2024-04-09 05:46:57'),(222,27,'Aisha Bayer IV','Eaque laboriosam quae itaque voluptas natus fugit enim. Quia dolor ratione porro modi aspernatur.',1,'2024-04-09 05:46:57','2024-04-09 05:46:57'),(223,2,'Mrs. Ottilie Boehm MD','Aliquid id culpa et nemo qui voluptatem. Laudantium quos odit laboriosam blanditiis. Hic id quaerat ipsa culpa repellendus voluptatem sit.',4,'2024-04-09 05:46:57','2024-04-09 05:46:57'),(224,24,'Annamarie Trantow','Non et consequatur cupiditate ipsa praesentium animi. Omnis nulla ut exercitationem blanditiis porro. Asperiores rerum similique non qui magni et.',0,'2024-04-09 05:46:57','2024-04-09 05:46:57'),(225,5,'Cory Jenkins','Sit maiores rem qui ullam eum nihil nam. Accusamus et qui voluptas aut velit molestias iure qui. Quae odit accusantium repellat et quia voluptates.',5,'2024-04-09 05:46:57','2024-04-09 05:46:57'),(226,31,'Erick Grady I','Sit magni doloribus dolorum eveniet et. Numquam voluptatem vitae et ut omnis odio. A impedit pariatur odit. Dolorem hic sint eaque corporis modi non ut.',2,'2024-04-09 05:46:57','2024-04-09 05:46:57'),(227,2,'Jose Stroman','Repudiandae voluptate id aut quia. Ut aliquid ab repellendus ut itaque distinctio. Et atque ex explicabo labore labore.',2,'2024-04-09 05:46:57','2024-04-09 05:46:57'),(228,16,'Prof. Rubie Smitham PhD','Nobis deleniti enim libero vitae culpa repellat corporis. Blanditiis autem impedit est atque dolorem exercitationem voluptatem. Inventore rerum ex harum ad explicabo at aut. Quasi odit quos facilis quam recusandae id.',1,'2024-04-09 05:46:57','2024-04-09 05:46:57'),(229,46,'Hoyt Bergnaum','Error harum est ea aperiam natus officia quam. Est dignissimos veniam et totam neque iste libero. Ut reiciendis dolore nisi aliquam exercitationem suscipit numquam.',5,'2024-04-09 05:46:57','2024-04-09 05:46:57'),(230,13,'Mylene Fay','Aut debitis voluptatem odit atque debitis. Dolorem corrupti non sint voluptatibus beatae suscipit. Maiores vel tempora voluptatem qui.',2,'2024-04-09 05:46:57','2024-04-09 05:46:57'),(231,26,'Ethan Murphy II','Nulla et dolores voluptas perspiciatis placeat voluptatem pariatur deserunt. A odit possimus doloribus adipisci consectetur mollitia iste. Libero pariatur rerum non voluptas. Optio dolor odit velit.',2,'2024-04-09 05:46:57','2024-04-09 05:46:57'),(232,26,'Darrick Homenick','Consequatur enim consectetur veniam ut cum consequatur doloremque. Itaque repudiandae doloribus deleniti consequatur est perferendis. Inventore consectetur suscipit saepe et accusantium vero aut. Qui nihil numquam eos repellat.',2,'2024-04-09 05:46:57','2024-04-09 05:46:57'),(233,32,'Katharina Heidenreich','Qui accusantium doloremque voluptas voluptatum omnis vitae sapiente. Maiores perspiciatis rerum molestias id nulla aut. Illum minima suscipit at quisquam vel.',2,'2024-04-09 05:46:57','2024-04-09 05:46:57'),(234,16,'Izabella Krajcik','Totam dignissimos vel ut deserunt fuga dolore esse. Tenetur perferendis officia sapiente occaecati rerum. Voluptate iusto exercitationem perspiciatis quaerat veniam doloremque et.',0,'2024-04-09 05:46:57','2024-04-09 05:46:57'),(235,12,'Frederique Price','Cum repellendus porro illo eius. Repellat sed mollitia quis enim aut sed sapiente illum. Et laboriosam iure non dicta inventore quibusdam.',5,'2024-04-09 05:46:57','2024-04-09 05:46:57'),(236,41,'Eino Walter','Rem hic omnis aliquid. Eos consequuntur et sapiente odio aspernatur. Aut sunt inventore sed temporibus provident delectus quasi.',3,'2024-04-09 05:46:57','2024-04-09 05:46:57'),(237,27,'Mrs. Ava Abernathy Sr.','Ipsum odit accusamus in ipsa. Consequatur enim sapiente explicabo ut omnis et velit neque. Ipsum sunt dolores sequi perspiciatis distinctio et. Quod accusamus temporibus earum exercitationem est.',5,'2024-04-09 05:46:57','2024-04-09 05:46:57'),(238,39,'Clementine Doyle','Quibusdam nostrum nihil ut perferendis cum. Dolores molestiae vel in fugit et voluptatem. Ut harum sequi dolores quia. Sequi modi culpa modi rerum necessitatibus et.',4,'2024-04-09 05:46:57','2024-04-09 05:46:57'),(239,18,'Horacio Legros','Quasi veritatis dolores facere aperiam quidem minus. Eveniet consequatur enim qui.',1,'2024-04-09 05:46:57','2024-04-09 05:46:57'),(240,20,'Brandt Macejkovic Jr.','Laborum voluptate omnis sequi vitae. Accusantium ad aut a. Laborum eius impedit sapiente. Iure et eligendi laboriosam explicabo vero eos sequi.',2,'2024-04-09 05:46:57','2024-04-09 05:46:57'),(241,4,'Mr. Zachariah Cruickshank II','Omnis aliquam laudantium beatae sit autem. Eaque et iste quas. Itaque unde harum exercitationem voluptatem ut alias nostrum.',3,'2024-04-09 05:46:57','2024-04-09 05:46:57'),(242,3,'Michele Yundt III','Neque cupiditate eos non molestiae et odio repudiandae deserunt. Nulla sit quia modi itaque dignissimos occaecati et. Eum iste laborum ea facere eum qui.',5,'2024-04-09 05:46:57','2024-04-09 05:46:57'),(243,18,'Janessa Franecki','Atque eum eaque eos. Deserunt quos reprehenderit doloremque.',5,'2024-04-09 05:46:57','2024-04-09 05:46:57'),(244,44,'Prof. Janick Hettinger IV','Autem fugit et omnis in. Explicabo fugit sapiente rem error eaque odit vero. Incidunt culpa rem numquam vitae quia.',0,'2024-04-09 05:46:57','2024-04-09 05:46:57'),(245,33,'Alvena Heller PhD','Dolores consequatur quod voluptate velit ut possimus ut. Cupiditate inventore fugiat quae debitis id mollitia. Quia accusantium assumenda quo cum quis qui cumque magnam. Dolor voluptas iure eaque in quia assumenda totam non.',0,'2024-04-09 05:46:57','2024-04-09 05:46:57'),(246,28,'Prof. Georgiana Larson','Ut ratione temporibus eos expedita. Rerum aut ipsum eos. Et excepturi voluptas numquam. Et alias et asperiores.',1,'2024-04-09 05:46:57','2024-04-09 05:46:57'),(247,16,'Henriette Hickle','Nemo excepturi quia natus ut consequuntur adipisci vitae. Non sunt aut voluptatem minus itaque. Quia sint ut neque pariatur sed non modi eveniet.',1,'2024-04-09 05:46:57','2024-04-09 05:46:57'),(248,29,'Dr. Gertrude Prohaska V','Ut ipsum velit et aliquid ratione non accusamus. Soluta quo possimus voluptas quasi et iure repellat aut. Quo aut excepturi corporis voluptas sequi similique. Possimus at nostrum quia tempora error.',0,'2024-04-09 05:46:57','2024-04-09 05:46:57'),(249,26,'Vada Kreiger','Adipisci nemo eos nisi quia voluptatem. Odit mollitia molestiae magnam voluptatem odit ipsum. Omnis quia aperiam nisi ut.',3,'2024-04-09 05:46:57','2024-04-09 05:46:57'),(250,6,'Linnie Crooks','Sint facere occaecati voluptates minima non recusandae odit dolore. Sit officia fugit dolor ex velit autem recusandae. Repudiandae alias ducimus maxime enim qui. Iusto laudantium quo at id cupiditate ratione.',5,'2024-04-09 05:46:57','2024-04-09 05:46:57'),(251,11,'Prof. Alexandrine Lemke II','Veritatis est placeat porro. Id voluptates at itaque natus aut. Laboriosam quos eos veniam vitae quidem laboriosam consequatur.',4,'2024-04-09 05:46:57','2024-04-09 05:46:57'),(252,15,'Aylin Heller DDS','Alias aliquam dicta eaque aut. Quae nisi eos totam sint. Veniam expedita et voluptatem voluptatem. Neque cumque veniam optio quas ratione.',2,'2024-04-09 05:46:57','2024-04-09 05:46:57'),(253,4,'Ernestina Hills','Laborum cum consequatur nesciunt voluptas a. Tempore dicta iusto aliquam eum. Hic deserunt voluptas dolorum esse.',4,'2024-04-09 05:46:57','2024-04-09 05:46:57'),(254,22,'Zachery Rohan','Sunt corporis repellendus neque blanditiis consequatur. Voluptate commodi odit eligendi et. Ut perspiciatis distinctio nulla distinctio quis dolore aperiam aut.',0,'2024-04-09 05:46:57','2024-04-09 05:46:57'),(255,2,'Marlee Tillman','Dolorem possimus voluptas in laborum odio harum et. Nisi earum non blanditiis ut. Error eaque et officiis quasi cupiditate. Sit harum iste dolores ad enim.',5,'2024-04-09 05:46:57','2024-04-09 05:46:57'),(256,36,'Anderson Sauer','Commodi quis sint officiis quos ex corporis. Dolor sit animi culpa corrupti repudiandae magnam fugit. Possimus odit voluptatibus perferendis in consequuntur sunt aut. Fugit ut quo itaque eaque.',5,'2024-04-09 05:46:57','2024-04-09 05:46:57'),(257,32,'Miss Janelle Hermiston III','Ut similique et nisi in numquam sunt. Incidunt maxime numquam cum culpa nam. Eius fugiat exercitationem doloremque deleniti repellendus. Est quidem hic dolorem nemo est ullam.',3,'2024-04-09 05:46:57','2024-04-09 05:46:57'),(258,6,'Mr. Jed Cummerata','Rerum est aliquid a molestiae dignissimos. Aut beatae repellat nostrum earum temporibus eos qui. Et sed aut odio explicabo ipsa.',5,'2024-04-09 05:46:57','2024-04-09 05:46:57'),(259,11,'Jordyn Howell','Fugiat eos itaque explicabo ab. Fuga est accusamus eum et ut nobis ut.',5,'2024-04-09 05:46:57','2024-04-09 05:46:57'),(260,6,'Mr. Justen Botsford','Illo quisquam nihil enim nesciunt. Minus magnam vitae molestiae sunt sed. Aut similique officia non culpa. Molestiae quis enim dolore earum quisquam sit.',2,'2024-04-09 05:46:57','2024-04-09 05:46:57'),(261,50,'Miss Justina McClure III','Voluptas facere quaerat voluptatem fugit odit. Consectetur harum facere animi nobis consectetur et eligendi.',1,'2024-04-09 05:46:57','2024-04-09 05:46:57'),(262,41,'Tatum McGlynn','Rerum asperiores autem quia necessitatibus est porro. Fugit perspiciatis hic in ut aut. Quo dignissimos voluptas est et minima laborum. Voluptas ea sit ut officia aut omnis earum qui.',3,'2024-04-09 05:46:57','2024-04-09 05:46:57'),(263,17,'Miss Penelope Lueilwitz II','Et quisquam consequatur tempora voluptatem dolor eius facilis ut. Incidunt tempore temporibus accusantium iure qui vel. Nobis magnam consequuntur eos similique autem. Qui id rerum fuga nam.',4,'2024-04-09 05:46:57','2024-04-09 05:46:57'),(264,48,'Scotty VonRueden Jr.','Eos molestias repudiandae dignissimos suscipit qui. Facilis quaerat corporis odit deserunt officia unde accusamus. Rerum qui et alias consequatur voluptate iste mollitia tempora.',0,'2024-04-09 05:46:57','2024-04-09 05:46:57'),(265,2,'Mariah Harvey','Earum reiciendis sunt cupiditate odit praesentium sit nostrum. Nisi quibusdam asperiores libero dolorem. Labore iste consequatur laborum autem nihil inventore. Ut voluptatum quibusdam magnam et. Excepturi vitae est esse qui.',4,'2024-04-09 05:46:57','2024-04-09 05:46:57'),(266,42,'Cecilia Hamill Sr.','Accusantium voluptatem perferendis nulla consequatur. Alias quo possimus in voluptatem. Excepturi suscipit incidunt in rerum nihil architecto at. Dignissimos aliquid harum molestias iusto.',5,'2024-04-09 05:46:57','2024-04-09 05:46:57'),(267,16,'Leilani Mertz','Et et omnis est quia occaecati. Reprehenderit suscipit aliquam rerum vel commodi ea velit. Et cumque perspiciatis qui.',2,'2024-04-09 05:46:57','2024-04-09 05:46:57'),(268,28,'Mariana Kub','Blanditiis et qui quis quia quia accusamus et. Nisi maiores dolorum animi fuga magnam iste aut neque. Qui reiciendis consectetur aut voluptates. Impedit omnis culpa nobis dolorem quidem corporis harum.',4,'2024-04-09 05:46:57','2024-04-09 05:46:57'),(269,7,'Roselyn O\'Kon','Et ullam illo aut assumenda libero officia ut voluptas. Nisi sed delectus repellat quia ad. Nisi dolor optio nihil placeat ut officia cumque. Ex doloribus perspiciatis hic ad qui dolores porro. Vero laborum consequuntur aut rem aut temporibus veritatis.',4,'2024-04-09 05:46:57','2024-04-09 05:46:57'),(270,17,'Geovanny Rosenbaum II','Asperiores totam natus praesentium ut dolores. Nemo velit est ea alias doloremque sapiente labore. Debitis aspernatur dolorum laborum dolor.',4,'2024-04-09 05:46:57','2024-04-09 05:46:57'),(271,34,'Robert Ankunding','Aliquam aspernatur consequatur id consequatur. Possimus in quod odit non consequatur magnam dolores.',4,'2024-04-09 05:46:57','2024-04-09 05:46:57'),(272,45,'Ara Fadel','Voluptas est totam voluptas vel amet libero similique et. Ut aut impedit itaque magnam ipsa ad corporis voluptates. Voluptatem sequi expedita et quia ex quia. Asperiores est quod commodi exercitationem nam quae.',0,'2024-04-09 05:46:57','2024-04-09 05:46:57'),(273,4,'Elise Schmeler','Sint numquam recusandae quod numquam eum delectus necessitatibus. Ut modi minima veniam neque quos. Voluptates est numquam mollitia aut provident. Eaque dolores amet maxime autem.',1,'2024-04-09 05:46:57','2024-04-09 05:46:57'),(274,37,'Mr. Stephan Kihn Jr.','Et aut numquam et dolore suscipit. Dolores sed cupiditate unde rem provident. Voluptatibus hic omnis iure velit est velit architecto.',1,'2024-04-09 05:46:57','2024-04-09 05:46:57'),(275,23,'Prof. Chyna Schinner V','Est fugiat quo id similique repellendus quae. Molestias et vero dolor quaerat. Ex impedit sint dolores voluptatem fuga et.',1,'2024-04-09 05:46:57','2024-04-09 05:46:57'),(276,27,'Terrance Prohaska','Ut eum dolor qui. Alias modi et consequuntur laborum occaecati modi. Quaerat ducimus labore praesentium vel ipsa. In et illum ab et expedita. Id ea nisi qui dolores est qui quia.',3,'2024-04-09 05:46:57','2024-04-09 05:46:57'),(277,17,'Cristina Greenholt V','Eos modi ut labore iste quaerat aliquam. Voluptas reprehenderit consequatur ipsum distinctio. Illum doloremque nulla aut eaque voluptatem dolor voluptatem quia. Ullam non sed est minus repudiandae eligendi dolore.',2,'2024-04-09 05:46:57','2024-04-09 05:46:57'),(278,33,'Kenneth Balistreri','Deleniti similique et et ex minima vero maxime. Nihil dolore qui sit non corporis. Aut autem omnis minus molestiae incidunt. Quis numquam nemo quod vel ratione modi et. Provident nesciunt recusandae et atque voluptate et.',1,'2024-04-09 05:46:57','2024-04-09 05:46:57'),(279,12,'Jammie Prosacco II','Laboriosam voluptatibus nostrum ut. Nesciunt quaerat magnam aliquam esse facere. Quas est voluptatum in expedita sunt.',2,'2024-04-09 05:46:57','2024-04-09 05:46:57'),(280,20,'Prof. Dallas Crooks','Nobis expedita voluptatum autem quia. Vitae iure non repudiandae laboriosam deleniti. Sint quis nesciunt et rerum. Occaecati dolorum quia quisquam architecto eum doloremque veniam.',4,'2024-04-09 05:46:57','2024-04-09 05:46:57'),(281,8,'Vincenza Rutherford PhD','Hic ipsa praesentium dolor blanditiis sed soluta qui. Consequatur quaerat fugiat qui sed dolorem.',1,'2024-04-09 05:46:57','2024-04-09 05:46:57'),(282,9,'Napoleon Parisian','Eveniet earum maxime corporis sit consequatur aliquid. Laudantium hic possimus ex enim quasi nobis quas. Harum et assumenda magnam dolorem.',1,'2024-04-09 05:46:57','2024-04-09 05:46:57'),(283,44,'Prof. Javon Beer Jr.','Est cum quia et amet excepturi quae pariatur. Quo et nesciunt dolore voluptatem sed dolorem. Itaque fugiat saepe animi sint qui.',0,'2024-04-09 05:46:57','2024-04-09 05:46:57'),(284,20,'Zachariah Raynor DVM','Eum non est explicabo autem animi aut voluptates. Fuga amet ut velit aut. Suscipit voluptas dolore omnis sit exercitationem non. Voluptatem modi ipsa et autem eos natus.',5,'2024-04-09 05:46:57','2024-04-09 05:46:57'),(285,27,'Leatha Gerlach','Rem ab repudiandae libero rerum. Velit delectus velit maxime eos voluptas eum. Vel quaerat ut ut eum eius assumenda totam et. Ducimus sed officiis culpa sapiente odio harum nesciunt.',2,'2024-04-09 05:46:57','2024-04-09 05:46:57'),(286,45,'Margarette Ondricka','Repellat voluptas fuga commodi aut dolor enim. Eos omnis vero sit quis. Officia ad ullam et sed. Sint voluptas voluptatibus consequuntur dolores non omnis est quod. Enim perspiciatis reprehenderit itaque officia repellendus.',3,'2024-04-09 05:46:57','2024-04-09 05:46:57'),(287,5,'Vince Grimes','Reprehenderit qui qui rerum voluptatum reprehenderit. In ut sint dolores. Reprehenderit repellendus a quis recusandae.',2,'2024-04-09 05:46:57','2024-04-09 05:46:57'),(288,50,'Shyanne Erdman','Tenetur minus perferendis molestiae inventore aut. Accusantium provident aut sequi molestiae facilis placeat rerum. Accusamus aut voluptates qui suscipit sit architecto. Fugiat laborum libero sequi repellendus aliquid sapiente corporis.',2,'2024-04-09 05:46:57','2024-04-09 05:46:57'),(289,3,'Pascale Rolfson','Consequuntur voluptatem rerum quidem sed suscipit et. Optio animi nihil deserunt a.',3,'2024-04-09 05:46:57','2024-04-09 05:46:57'),(290,15,'Mr. Grover Purdy','Aut alias maxime eaque ut ut eos non. Sit laudantium qui nam voluptas aut iste consequatur id. Dolores voluptates dolore harum facilis nisi asperiores. Quia omnis est commodi in.',5,'2024-04-09 05:46:57','2024-04-09 05:46:57'),(291,9,'Raina Schinner','Voluptatum sed architecto eligendi quaerat sed non eum. Ducimus cumque architecto aperiam. Et ratione amet ut rerum alias commodi aut.',4,'2024-04-09 05:46:57','2024-04-09 05:46:57'),(292,15,'Ashley Rau','Aperiam molestias molestias nisi porro animi nobis. Accusantium illum ullam aut tenetur consequatur quis. Rerum ipsa a recusandae incidunt. Enim id rerum sunt voluptates. Et ut sint atque esse consequatur qui.',4,'2024-04-09 05:46:57','2024-04-09 05:46:57'),(293,26,'Nicklaus Mueller','Facere harum corporis officia hic quia. Unde praesentium nemo rerum porro sunt. Tempore officia architecto ut quae facere omnis error ipsa. Aut non officiis consequatur eum consequuntur ea.',4,'2024-04-09 05:46:57','2024-04-09 05:46:57'),(294,14,'Uriah Shields','Sit unde consequuntur dignissimos aperiam molestias quidem. Blanditiis fuga ratione animi voluptatem suscipit nemo maiores eum. Quos vel blanditiis aut quisquam corporis numquam aut neque. Error doloremque quia consequatur tempore quo quisquam nam.',4,'2024-04-09 05:46:57','2024-04-09 05:46:57'),(295,48,'Zoey Morar I','Voluptatem nobis excepturi eos quos quia voluptatem repellendus. Nostrum rem quisquam facilis ipsum quos. Ratione minus fuga ipsam sint. Facere et neque blanditiis ut facilis adipisci.',2,'2024-04-09 05:46:57','2024-04-09 05:46:57'),(296,24,'Callie Purdy','Animi repudiandae aut laboriosam qui illum voluptatibus et. Eaque repellat provident minima eos sit. Inventore quo libero aut et. Debitis consequatur omnis voluptates hic.',2,'2024-04-09 05:46:57','2024-04-09 05:46:57'),(297,31,'Tommie Bradtke','Aut dolorem repudiandae et velit officia. A repellat aut harum rerum. Quas dolor quibusdam laboriosam.',4,'2024-04-09 05:46:57','2024-04-09 05:46:57'),(298,12,'Eudora Moen V','Ut suscipit unde qui explicabo. Eius expedita consequatur aut ipsa qui voluptate animi. Vel eveniet saepe ut quam nisi sapiente repudiandae.',5,'2024-04-09 05:46:57','2024-04-09 05:46:57'),(299,6,'Elnora Lehner','Ea officia aliquam neque quam ab ea ut. Aliquam est aut est nesciunt tenetur facilis sit rerum. Natus sequi ut facere molestiae eos. Eos sed et quo recusandae.',3,'2024-04-09 05:46:57','2024-04-09 05:46:57'),(300,23,'Margaretta Muller','Aut provident quaerat ad aut. Qui repellat aperiam laborum possimus corrupti dolor dolorum. Sit quibusdam et dicta consequuntur.',5,'2024-04-09 05:46:57','2024-04-09 05:46:57');
/*!40000 ALTER TABLE `reviews` ENABLE KEYS */;
UNLOCK TABLES;

--
-- Table structure for table `users`
--

DROP TABLE IF EXISTS `users`;
/*!40101 SET @saved_cs_client     = @@character_set_client */;
/*!50503 SET character_set_client = utf8mb4 */;
CREATE TABLE `users` (
  `id` bigint unsigned NOT NULL AUTO_INCREMENT,
  `name` varchar(255) COLLATE utf8mb4_unicode_ci NOT NULL,
  `email` varchar(255) COLLATE utf8mb4_unicode_ci NOT NULL,
  `email_verified_at` timestamp NULL DEFAULT NULL,
  `password` varchar(255) COLLATE utf8mb4_unicode_ci NOT NULL,
  `remember_token` varchar(100) COLLATE utf8mb4_unicode_ci DEFAULT NULL,
  `created_at` timestamp NULL DEFAULT NULL,
  `updated_at` timestamp NULL DEFAULT NULL,
  PRIMARY KEY (`id`),
  UNIQUE KEY `users_email_unique` (`email`)
) ENGINE=InnoDB DEFAULT CHARSET=utf8mb4 COLLATE=utf8mb4_unicode_ci;
/*!40101 SET character_set_client = @saved_cs_client */;

--
-- Dumping data for table `users`
--

LOCK TABLES `users` WRITE;
/*!40000 ALTER TABLE `users` DISABLE KEYS */;
/*!40000 ALTER TABLE `users` ENABLE KEYS */;
UNLOCK TABLES;
/*!40103 SET TIME_ZONE=@OLD_TIME_ZONE */;

/*!40101 SET SQL_MODE=@OLD_SQL_MODE */;
/*!40014 SET FOREIGN_KEY_CHECKS=@OLD_FOREIGN_KEY_CHECKS */;
/*!40014 SET UNIQUE_CHECKS=@OLD_UNIQUE_CHECKS */;
/*!40101 SET CHARACTER_SET_CLIENT=@OLD_CHARACTER_SET_CLIENT */;
/*!40101 SET CHARACTER_SET_RESULTS=@OLD_CHARACTER_SET_RESULTS */;
/*!40101 SET COLLATION_CONNECTION=@OLD_COLLATION_CONNECTION */;
/*!40111 SET SQL_NOTES=@OLD_SQL_NOTES */;

-- Dump completed on 2024-04-09 11:48:59
